snapshot_date,office,race_id,state,primary_status,dem_candidate,dem_woman,dem_gender_basis,rep_candidate,rep_woman,rep_gender_basis,race_rating,dem_win_probability,rep_win_probability,expected_woman,notes,candidate_source,rating_source,gender_source,not_up_women_baseline
2026-09-27,House,AL-1,Alabama,Completed,Clyde Jones,0,Man — inferred (not on CAWP women roster),Jerry Carl,0,Man — inferred (not on CAWP women roster),Solid R,0.034483,0.965517,0.000000,Win probabilities normalized from Kalshi D/R raw prices. Win probabilities normalized from Kalshi D/R raw prices.,https://ballotpedia.org/United_States_House_of_Representatives_elections_in_Alabama%2C_2026,https://www.270towin.com/2026-house-election/cook-political-report-2026-house-ratings,https://cawp.rutgers.edu/facts/elections-and-appointments/women-candidates-2026,0
2026-09-27,House,AL-2,Alabama,Completed,Shomari Figures,0,Man — inferred (not on CAWP women roster),Rhett Marques,0,Man — inferred (not on CAWP women roster),Likely R,0.242574,0.757426,0.000000,Win probabilities normalized from Kalshi D/R raw prices. Win probabilities normalized from Kalshi D/R raw prices.,https://ballotpedia.org/United_States_House_of_Representatives_elections_in_Alabama%2C_2026,https://www.270towin.com/2026-house-election/cook-political-report-2026-house-ratings,https://cawp.rutgers.edu/facts/elections-and-appointments/women-candidates-2026,0
2026-09-27,House,AL-3,Alabama,Completed,Lee McInnis,0,Man — inferred (not on CAWP women roster),Mike Rogers,0,Man — inferred (not on CAWP women roster),Solid R,0.019529,0.980471,0.000000,Win probabilities normalized from Kalshi D/R raw prices. Win probabilities normalized from Kalshi D/R raw prices.,https://en.wikipedia.org/wiki/2026_United_States_House_of_Representatives_elections,https://www.270towin.com/2026-house-election/cook-political-report-2026-house-ratings,https://cawp.rutgers.edu/facts/elections-and-appointments/women-candidates-2026,0
2026-09-27,House,AL-4,Alabama,Completed,Amanda Pusczek,1,Woman — Rutgers CAWP roster,Robert Aderholt,0,Man — inferred (not on CAWP women roster),Solid R,0.020253,0.979747,0.020253,Win probabilities normalized from Kalshi D/R raw prices. Win probabilities normalized from Kalshi D/R raw prices.,https://en.wikipedia.org/wiki/2026_United_States_House_of_Representatives_elections,https://www.270towin.com/2026-house-election/cook-political-report-2026-house-ratings,https://cawp.rutgers.edu/facts/elections-and-appointments/women-candidates-2026,0
2026-09-27,House,AL-5,Alabama,Completed,Andrew Sneed,0,Man — inferred (not on CAWP women roster),Dale Strong,0,Man — inferred (not on CAWP women roster),Solid R,0.050677,0.949323,0.000000,Win probabilities normalized from Kalshi D/R raw prices. Win probabilities normalized from Kalshi D/R raw prices.,https://en.wikipedia.org/wiki/2026_United_States_House_of_Representatives_elections,https://www.270towin.com/2026-house-election/cook-political-report-2026-house-ratings,https://cawp.rutgers.edu/facts/elections-and-appointments/women-candidates-2026,0
2026-09-27,House,AL-6,Alabama,Completed,Maurice Mercer,0,Man — inferred (not on CAWP women roster),Gary Palmer,0,Man — inferred (not on CAWP women roster),Solid R,0.044110,0.955890,0.000000,Win probabilities normalized from Kalshi D/R raw prices. Win probabilities normalized from Kalshi D/R raw prices.,https://ballotpedia.org/United_States_House_of_Representatives_elections_in_Alabama%2C_2026,https://www.270towin.com/2026-house-election/cook-political-report-2026-house-ratings,https://cawp.rutgers.edu/facts/elections-and-appointments/women-candidates-2026,0
2026-09-27,House,AL-7,Alabama,Completed,Terri Sewell,1,Woman — Rutgers CAWP roster,Ammie Akin,1,Woman — Rutgers CAWP roster,Solid D,0.966901,0.033099,1.000000,Win probabilities normalized from Kalshi D/R raw prices. Win probabilities normalized from Kalshi D/R raw prices.,https://ballotpedia.org/United_States_House_of_Representatives_elections_in_Alabama%2C_2026,https://www.270towin.com/2026-house-election/cook-political-report-2026-house-ratings,https://cawp.rutgers.edu/facts/elections-and-appointments/women-candidates-2026,0
2026-08-22,House,AK-AL,Alaska,Completed (top-four),Bill Hill,0,Man — inferred (not on CAWP women roster),Nick Begich III,0,Man — inferred (not on CAWP women roster),Likely R,0.177665,0.822335,0.000000,"Top-four general election; the two leading candidates are independent Bill Hill and Republican incumbent Nick Begich III. Candidate-level probabilities use Kalshi bid/ask midpoints (Hill 17.5¢; Begich 81¢), normalized across the pair. Candidate-level female probability is 0 because both candidates are men.",https://ballotpedia.org/United_States_House_of_Representatives_election_in_Alaska%2C_2026,https://www.270towin.com/2026-house-election/cook-political-report-2026-house-ratings,https://cawp.rutgers.edu/facts/elections-and-appointments/women-candidates-2026,0
2026-08-22,House,AZ-1,Arizona,Completed,Amish Shah,0,Man — inferred (not on CAWP women roster),Jay Feely,0,Man — inferred (not on CAWP women roster),Toss-up,0.734694,0.265306,0.000000,Win probabilities normalized from Kalshi D/R raw prices. Win probabilities normalized from Kalshi D/R raw prices.,https://en.wikipedia.org/wiki/2026_United_States_House_of_Representatives_elections,https://www.270towin.com/2026-house-election/cook-political-report-2026-house-ratings,https://cawp.rutgers.edu/facts/elections-and-appointments/women-candidates-2026,0
2026-08-22,House,AZ-2,Arizona,Completed,Jonathan Nez,0,Man — inferred (not on CAWP women roster),Eli Crane,0,Man — inferred (not on CAWP women roster),Likely R,0.325000,0.675000,0.000000,Win probabilities normalized from Kalshi D/R raw prices. Win probabilities normalized from Kalshi D/R raw prices.,https://en.wikipedia.org/wiki/2026_United_States_House_of_Representatives_elections,https://www.270towin.com/2026-house-election/cook-political-report-2026-house-ratings,https://cawp.rutgers.edu/facts/elections-and-appointments/women-candidates-2026,0
2026-09-27,House,AZ-3,Arizona,Completed,Yassamin Ansari,1,Woman — Rutgers CAWP roster,None/Minor,0,No Republican filer; minor-party or no opponent,Solid D,0.982027,0.017973,0.982027,No Republican general-election candidate listed Win probabilities normalized from Kalshi D/R raw prices. Win probabilities normalized from Kalshi D/R raw prices.,https://en.wikipedia.org/wiki/2026_United_States_House_of_Representatives_elections,https://www.270towin.com/2026-house-election/cook-political-report-2026-house-ratings,https://cawp.rutgers.edu/facts/elections-and-appointments/women-candidates-2026,0
2026-09-27,House,AZ-4,Arizona,Completed,Greg Stanton,0,Man — inferred (not on CAWP women roster),Zuhdi Jasser,0,Man — inferred (not on CAWP women roster),Solid D,0.957895,0.042105,0.000000,Win probabilities normalized from Kalshi D/R raw prices. Win probabilities normalized from Kalshi D/R raw prices.,https://en.wikipedia.org/wiki/2026_United_States_House_of_Representatives_elections,https://www.270towin.com/2026-house-election/cook-political-report-2026-house-ratings,https://cawp.rutgers.edu/facts/elections-and-appointments/women-candidates-2026,0
2026-09-27,House,AZ-5,Arizona,Completed,Elizabeth Lee,1,Woman — Rutgers CAWP roster,Mark Lamb,0,Man — inferred (not on CAWP women roster),Solid R,0.095500,0.904500,0.095500,Win probabilities normalized from Kalshi D/R raw prices. Win probabilities normalized from Kalshi D/R raw prices.,https://en.wikipedia.org/wiki/2026_United_States_House_of_Representatives_elections,https://www.270towin.com/2026-house-election/cook-political-report-2026-house-ratings,https://cawp.rutgers.edu/facts/elections-and-appointments/women-candidates-2026,0
2026-08-22,House,AZ-6,Arizona,Completed,JoAnna Mendoza,1,Woman — Rutgers CAWP roster,Juan Ciscomani,0,Man — inferred (not on CAWP women roster),Toss-up,0.822335,0.177665,0.822335,Win probabilities normalized from Kalshi D/R raw prices. Win probabilities normalized from Kalshi D/R raw prices.,https://en.wikipedia.org/wiki/2026_United_States_House_of_Representatives_elections,https://www.270towin.com/2026-house-election/cook-political-report-2026-house-ratings,https://cawp.rutgers.edu/facts/elections-and-appointments/women-candidates-2026,0
2026-09-27,House,AZ-7,Arizona,Completed,Adelita Grijalva,1,Woman — Rutgers CAWP roster,Daniel Butierez,0,Man — inferred (not on CAWP women roster),Solid D,0.952906,0.047094,0.952906,Win probabilities normalized from Kalshi D/R raw prices. Win probabilities normalized from Kalshi D/R raw prices.,https://en.wikipedia.org/wiki/2026_United_States_House_of_Representatives_elections,https://www.270towin.com/2026-house-election/cook-political-report-2026-house-ratings,https://cawp.rutgers.edu/facts/elections-and-appointments/women-candidates-2026,0
2026-09-27,House,AZ-8,Arizona,Completed,Bernadette Greene-Placentia,1,Woman — Rutgers CAWP roster,Abraham Hamadeh,0,Man — inferred (not on CAWP women roster),Solid R,0.155000,0.845000,0.155000,Win probabilities normalized from Kalshi D/R raw prices. Win probabilities normalized from Kalshi D/R raw prices.,https://en.wikipedia.org/wiki/2026_United_States_House_of_Representatives_elections,https://www.270towin.com/2026-house-election/cook-political-report-2026-house-ratings,https://cawp.rutgers.edu/facts/elections-and-appointments/women-candidates-2026,0
2026-09-27,House,AZ-9,Arizona,Completed,Dani Sterbinsky,1,Woman — Rutgers CAWP roster,Paul Gosar,0,Man — inferred (not on CAWP women roster),Solid R,0.057663,0.942337,0.057663,Win probabilities normalized from Kalshi D/R raw prices. Win probabilities normalized from Kalshi D/R raw prices.,https://en.wikipedia.org/wiki/2026_United_States_House_of_Representatives_elections,https://www.270towin.com/2026-house-election/cook-political-report-2026-house-ratings,https://cawp.rutgers.edu/facts/elections-and-appointments/women-candidates-2026,0
2026-09-27,House,AR-1,Arkansas,Completed,Terri Green,1,Woman — Rutgers CAWP roster,Rick Crawford,0,Man — inferred (not on CAWP women roster),Solid R,0.020030,0.979970,0.020030,Win probabilities normalized from Kalshi D/R raw prices. Win probabilities normalized from Kalshi D/R raw prices.,https://en.wikipedia.org/wiki/2026_United_States_House_of_Representatives_elections,https://www.270towin.com/2026-house-election/cook-political-report-2026-house-ratings,https://cawp.rutgers.edu/facts/elections-and-appointments/women-candidates-2026,0
2026-09-27,House,AR-2,Arkansas,Completed,Chris Jones,0,Man — inferred (not on CAWP women roster),French Hill,0,Man — inferred (not on CAWP women roster),Solid R,0.170000,0.830000,0.000000,Win probabilities normalized from Kalshi D/R raw prices. Win probabilities normalized from Kalshi D/R raw prices.,https://en.wikipedia.org/wiki/2026_United_States_House_of_Representatives_elections,https://www.270towin.com/2026-house-election/cook-political-report-2026-house-ratings,https://cawp.rutgers.edu/facts/elections-and-appointments/women-candidates-2026,0
2026-09-27,House,AR-3,Arkansas,Completed,Robb Ryerse,0,Man — inferred (not on CAWP women roster),Steve Womack,0,Man — inferred (not on CAWP women roster),Solid R,0.042864,0.957136,0.000000,Win probabilities normalized from Kalshi D/R raw prices. Win probabilities normalized from Kalshi D/R raw prices.,https://en.wikipedia.org/wiki/2026_United_States_House_of_Representatives_elections,https://www.270towin.com/2026-house-election/cook-political-report-2026-house-ratings,https://cawp.rutgers.edu/facts/elections-and-appointments/women-candidates-2026,0
2026-09-27,House,AR-4,Arkansas,Completed,James Russell,0,Man — inferred (not on CAWP women roster),Bruce Westerman,0,Man — inferred (not on CAWP women roster),Solid R,0.038614,0.961386,0.000000,Win probabilities normalized from Kalshi D/R raw prices. Win probabilities normalized from Kalshi D/R raw prices.,https://en.wikipedia.org/wiki/2026_United_States_House_of_Representatives_elections,https://www.270towin.com/2026-house-election/cook-political-report-2026-house-ratings,https://cawp.rutgers.edu/facts/elections-and-appointments/women-candidates-2026,0
2026-09-27,House,CA-1,California,Completed,Mike McGuire,0,Man — inferred (not on CAWP women roster),James Gallagher,0,Man — inferred (not on CAWP women roster),Solid D,0.937720,0.062280,0.000000,Win probabilities normalized from Kalshi D/R raw prices. Win probabilities normalized from Kalshi D/R raw prices.,https://en.wikipedia.org/wiki/2026_United_States_House_of_Representatives_elections,https://www.270towin.com/2026-house-election/cook-political-report-2026-house-ratings,https://cawp.rutgers.edu/facts/elections-and-appointments/women-candidates-2026,0
2026-09-27,House,CA-2,California,Completed,Jared Huffman,0,Man — inferred (not on CAWP women roster),Robin Littau,1,Woman — Rutgers CAWP roster,Solid D,0.981247,0.018753,0.018753,Win probabilities normalized from Kalshi D/R raw prices. Win probabilities normalized from Kalshi D/R raw prices.,https://en.wikipedia.org/wiki/2026_United_States_House_of_Representatives_elections,https://www.270towin.com/2026-house-election/cook-political-report-2026-house-ratings,https://cawp.rutgers.edu/facts/elections-and-appointments/women-candidates-2026,0
2026-08-22,House,CA-3,California,Completed,Ami Bera,0,Man — inferred (not on CAWP women roster),Robb Tucker,0,Man — inferred (not on CAWP women roster),Solid D,0.947422,0.052578,0.000000,Win probabilities normalized from Kalshi D/R raw prices. Win probabilities normalized from Kalshi D/R raw prices.,https://en.wikipedia.org/wiki/2026_United_States_House_of_Representatives_elections,https://www.270towin.com/2026-house-election/cook-political-report-2026-house-ratings,https://cawp.rutgers.edu/facts/elections-and-appointments/women-candidates-2026,0
2026-08-20,House,CA-4,California,Completed,Mike Thompson / Eric Jones,0,Same-party finalists: 0/2 women; equal split assumed,Unknown,0,Unknown candidate → 0,Solid D,1,0,0,Same-party top-two final; candidate win probabilities use normalized Kalshi candidate markets.,https://en.wikipedia.org/wiki/2026_United_States_House_of_Representatives_elections,https://www.270towin.com/2026-house-election/cook-political-report-2026-house-ratings,https://cawp.rutgers.edu/facts/elections-and-appointments/women-candidates-2026,0
2026-09-27,House,CA-5,California,Completed,Michael Masuda,0,Man — inferred (not on CAWP women roster),Tom McClintock,0,Man — inferred (not on CAWP women roster),Solid R,0.062090,0.937910,0.000000,Win probabilities normalized from Kalshi D/R raw prices. Win probabilities normalized from Kalshi D/R raw prices.,https://en.wikipedia.org/wiki/2026_United_States_House_of_Representatives_elections,https://www.270towin.com/2026-house-election/cook-political-report-2026-house-ratings,https://cawp.rutgers.edu/facts/elections-and-appointments/women-candidates-2026,0
2026-08-22,House,CA-6,California,Completed,Richard Pan,0,Man — inferred (not on CAWP women roster),Unknown,0,Unknown candidate → 0,Solid D,0.988138,0.011862,0.000000,Top-two general includes Independent Kevin Kiley; no Republican finalist Win probabilities normalized from Kalshi D/R raw prices. Win probabilities normalized from Kalshi D/R raw prices.,https://en.wikipedia.org/wiki/2026_United_States_House_of_Representatives_elections,https://www.270towin.com/2026-house-election/cook-political-report-2026-house-ratings,https://cawp.rutgers.edu/facts/elections-and-appointments/women-candidates-2026,0
2026-08-20,House,CA-7,California,Completed,Doris Matsui / Mai Vang,1,Same-party finalists: 2/2 women; equal split assumed,Unknown,0,Unknown candidate → 0,Solid D,1,0,1,Same-party top-two final; candidate win probabilities use normalized Kalshi candidate markets.,https://en.wikipedia.org/wiki/2026_United_States_House_of_Representatives_elections,https://www.270towin.com/2026-house-election/cook-political-report-2026-house-ratings,https://cawp.rutgers.edu/facts/elections-and-appointments/women-candidates-2026,0
2026-09-27,House,CA-8,California,Completed,John Garamendi,0,Man — inferred (not on CAWP women roster),Rudy Recile,0,Man — inferred (not on CAWP women roster),Solid D,0.971458,0.028542,0.000000,Win probabilities normalized from Kalshi D/R raw prices. Win probabilities normalized from Kalshi D/R raw prices.,https://en.wikipedia.org/wiki/2026_United_States_House_of_Representatives_elections,https://www.270towin.com/2026-house-election/cook-political-report-2026-house-ratings,https://cawp.rutgers.edu/facts/elections-and-appointments/women-candidates-2026,0
2026-08-22,House,CA-9,California,Completed,Josh Harder,0,Man — inferred (not on CAWP women roster),John McBride,0,Man — inferred (not on CAWP women roster),Solid D,0.940117,0.059883,0.000000,Win probabilities normalized from Kalshi D/R raw prices. Win probabilities normalized from Kalshi D/R raw prices.,https://en.wikipedia.org/wiki/2026_United_States_House_of_Representatives_elections,https://www.270towin.com/2026-house-election/cook-political-report-2026-house-ratings,https://cawp.rutgers.edu/facts/elections-and-appointments/women-candidates-2026,0
2026-09-27,House,CA-10,California,Completed,Mark DeSaulnier,0,Man — inferred (not on CAWP women roster),Jeff Frese,0,Man — inferred (not on CAWP women roster),Solid D,0.988241,0.011759,0.000000,Win probabilities normalized from Kalshi D/R raw prices. Win probabilities normalized from Kalshi D/R raw prices.,https://en.wikipedia.org/wiki/2026_United_States_House_of_Representatives_elections,https://www.270towin.com/2026-house-election/cook-political-report-2026-house-ratings,https://cawp.rutgers.edu/facts/elections-and-appointments/women-candidates-2026,0
2026-08-22,House,CA-11,California,Completed,Connie Chan / Scott Wiener,0.5,Same-party finalists: 1/2 women; equal split assumed,Unknown,0,Unknown candidate → 0,Solid D,1,0,0.345000,Same-party top-two final; candidate win probabilities use normalized Kalshi candidate markets.,https://en.wikipedia.org/wiki/2026_United_States_House_of_Representatives_elections,https://www.270towin.com/2026-house-election/cook-political-report-2026-house-ratings,https://cawp.rutgers.edu/facts/elections-and-appointments/women-candidates-2026,0
2026-08-20,House,CA-12,California,Completed,Lateefah Simon / Jamie Joyce,1,Same-party finalists: 2/2 women; equal split assumed,Unknown,0,Unknown candidate → 0,Solid D,1,0,1,Same-party top-two final; candidate win probabilities use normalized Kalshi candidate markets.,https://en.wikipedia.org/wiki/2026_United_States_House_of_Representatives_elections,https://www.270towin.com/2026-house-election/cook-political-report-2026-house-ratings,https://cawp.rutgers.edu/facts/elections-and-appointments/women-candidates-2026,0
2026-08-22,House,CA-13,California,Completed,Adam Gray,0,Man — inferred (not on CAWP women roster),Kevin Lincoln,0,Man — inferred (not on CAWP women roster),Lean D,0.933029,0.066971,0.000000,Win probabilities normalized from Kalshi D/R raw prices. Win probabilities normalized from Kalshi D/R raw prices.,https://en.wikipedia.org/wiki/2026_United_States_House_of_Representatives_elections,https://www.270towin.com/2026-house-election/cook-political-report-2026-house-ratings,https://cawp.rutgers.edu/facts/elections-and-appointments/women-candidates-2026,0
2026-08-20,House,CA-14,California,Completed,Aisha Wahab / Melissa Hernandez,1,Same-party finalists: 2/2 women; equal split assumed,Unknown,0,Unknown candidate → 0,Solid D,1,0,1,Same-party top-two final; candidate win probabilities use normalized Kalshi candidate markets.,https://en.wikipedia.org/wiki/2026_United_States_House_of_Representatives_elections,https://www.270towin.com/2026-house-election/cook-political-report-2026-house-ratings,https://cawp.rutgers.edu/facts/elections-and-appointments/women-candidates-2026,0
2026-09-27,House,CA-15,California,Completed,Kevin Mullin,0,Man — inferred (not on CAWP women roster),Charles Hoelter,0,Man — inferred (not on CAWP women roster),Solid D,0.975892,0.024108,0.000000,Win probabilities normalized from Kalshi D/R raw prices. Win probabilities normalized from Kalshi D/R raw prices.,https://en.wikipedia.org/wiki/2026_United_States_House_of_Representatives_elections,https://www.270towin.com/2026-house-election/cook-political-report-2026-house-ratings,https://cawp.rutgers.edu/facts/elections-and-appointments/women-candidates-2026,0
2026-09-27,House,CA-16,California,Completed,Sam Liccardo,0,Man — inferred (not on CAWP women roster),Peter Soulé,0,Man — inferred (not on CAWP women roster),Solid D,0.976617,0.023383,0.000000,Win probabilities normalized from Kalshi D/R raw prices. Win probabilities normalized from Kalshi D/R raw prices.,https://en.wikipedia.org/wiki/2026_United_States_House_of_Representatives_elections,https://www.270towin.com/2026-house-election/cook-political-report-2026-house-ratings,https://cawp.rutgers.edu/facts/elections-and-appointments/women-candidates-2026,0
2026-09-27,House,CA-17,California,Completed,Ro Khanna,0,Man — inferred (not on CAWP women roster),Ritesh Tandon,0,Man — inferred (not on CAWP women roster),Solid D,0.979418,0.020582,0.000000,Win probabilities normalized from Kalshi D/R raw prices. Win probabilities normalized from Kalshi D/R raw prices.,https://en.wikipedia.org/wiki/2026_United_States_House_of_Representatives_elections,https://www.270towin.com/2026-house-election/cook-political-report-2026-house-ratings,https://cawp.rutgers.edu/facts/elections-and-appointments/women-candidates-2026,0
2026-09-27,House,CA-18,California,Completed,Zoe Lofgren,1,Woman — Rutgers CAWP roster,Shane Lewis,0,Man — inferred (not on CAWP women roster),Solid D,0.979879,0.020121,0.979879,Win probabilities normalized from Kalshi D/R raw prices. Win probabilities normalized from Kalshi D/R raw prices.,https://en.wikipedia.org/wiki/2026_United_States_House_of_Representatives_elections,https://www.270towin.com/2026-house-election/cook-political-report-2026-house-ratings,https://cawp.rutgers.edu/facts/elections-and-appointments/women-candidates-2026,0
2026-09-27,House,CA-19,California,Completed,Jimmy Panetta,0,Man — inferred (not on CAWP women roster),Peter Coe Verbica,0,Man — inferred (not on CAWP women roster),Solid D,0.977522,0.022478,0.000000,Win probabilities normalized from Kalshi D/R raw prices. Win probabilities normalized from Kalshi D/R raw prices.,https://en.wikipedia.org/wiki/2026_United_States_House_of_Representatives_elections,https://www.270towin.com/2026-house-election/cook-political-report-2026-house-ratings,https://cawp.rutgers.edu/facts/elections-and-appointments/women-candidates-2026,0
2026-09-27,House,CA-20,California,Completed,Sandra Van Scotter,1,Woman — Rutgers CAWP roster,Vince Fong,0,Man — inferred (not on CAWP women roster),Solid R,0.035282,0.964718,0.035282,Win probabilities normalized from Kalshi D/R raw prices. Win probabilities normalized from Kalshi D/R raw prices.,https://en.wikipedia.org/wiki/2026_United_States_House_of_Representatives_elections,https://www.270towin.com/2026-house-election/cook-political-report-2026-house-ratings,https://cawp.rutgers.edu/facts/elections-and-appointments/women-candidates-2026,0
2026-08-22,House,CA-21,California,Completed,Jim Costa,0,Man — inferred (not on CAWP women roster),Kyle Kirkland,0,Man — inferred (not on CAWP women roster),Likely D,0.911779,0.088221,0.000000,Win probabilities normalized from Kalshi D/R raw prices. Win probabilities normalized from Kalshi D/R raw prices.,https://en.wikipedia.org/wiki/2026_United_States_House_of_Representatives_elections,https://www.270towin.com/2026-house-election/cook-political-report-2026-house-ratings,https://cawp.rutgers.edu/facts/elections-and-appointments/women-candidates-2026,0
2026-08-22,House,CA-22,California,Completed,Randy Villegas,0,Man — inferred (not on CAWP women roster),David Valadao,0,Man — inferred (not on CAWP women roster),Toss-up,0.875000,0.125000,0.000000,Win probabilities normalized from Kalshi D/R raw prices. Win probabilities normalized from Kalshi D/R raw prices.,https://en.wikipedia.org/wiki/2026_United_States_House_of_Representatives_elections,https://www.270towin.com/2026-house-election/cook-political-report-2026-house-ratings,https://cawp.rutgers.edu/facts/elections-and-appointments/women-candidates-2026,0
2026-09-27,House,CA-23,California,Completed,Tessa Lynn Hodge,1,Woman — Rutgers CAWP roster,Jay Obernolte,0,Man — inferred (not on CAWP women roster),Solid R,0.070535,0.929465,0.070535,Win probabilities normalized from Kalshi D/R raw prices. Win probabilities normalized from Kalshi D/R raw prices.,https://en.wikipedia.org/wiki/2026_United_States_House_of_Representatives_elections,https://www.270towin.com/2026-house-election/cook-political-report-2026-house-ratings,https://cawp.rutgers.edu/facts/elections-and-appointments/women-candidates-2026,0
2026-09-27,House,CA-24,California,Completed,Salud Carbajal,0,Man — inferred (not on CAWP women roster),Bob Smith,0,Man — inferred (not on CAWP women roster),Solid D,0.959305,0.040695,0.000000,Win probabilities normalized from Kalshi D/R raw prices. Win probabilities normalized from Kalshi D/R raw prices.,https://en.wikipedia.org/wiki/2026_United_States_House_of_Representatives_elections,https://www.270towin.com/2026-house-election/cook-political-report-2026-house-ratings,https://cawp.rutgers.edu/facts/elections-and-appointments/women-candidates-2026,0
2026-09-27,House,CA-25,California,Completed,Raul Ruiz,0,Man — inferred (not on CAWP women roster),Joe Males,0,Man — inferred (not on CAWP women roster),Solid D,0.959041,0.040959,0.000000,Win probabilities normalized from Kalshi D/R raw prices. Win probabilities normalized from Kalshi D/R raw prices.,https://en.wikipedia.org/wiki/2026_United_States_House_of_Representatives_elections,https://www.270towin.com/2026-house-election/cook-political-report-2026-house-ratings,https://cawp.rutgers.edu/facts/elections-and-appointments/women-candidates-2026,0
2026-09-27,House,CA-26,California,Completed,Jacqui Irwin,1,Woman — Rutgers CAWP roster,Sam Gallucci,0,Man — inferred (not on CAWP women roster),Solid D,0.955912,0.044088,0.955912,Win probabilities normalized from Kalshi D/R raw prices. Win probabilities normalized from Kalshi D/R raw prices.,https://en.wikipedia.org/wiki/2026_United_States_House_of_Representatives_elections,https://www.270towin.com/2026-house-election/cook-political-report-2026-house-ratings,https://cawp.rutgers.edu/facts/elections-and-appointments/women-candidates-2026,0
2026-08-22,House,CA-27,California,Completed,George Whitesides,0,Man — inferred (not on CAWP women roster),Jason Gibbs,0,Man — inferred (not on CAWP women roster),Solid D,0.930576,0.069424,0.000000,Win probabilities normalized from Kalshi D/R raw prices. Win probabilities normalized from Kalshi D/R raw prices.,https://en.wikipedia.org/wiki/2026_United_States_House_of_Representatives_elections,https://www.270towin.com/2026-house-election/cook-political-report-2026-house-ratings,https://cawp.rutgers.edu/facts/elections-and-appointments/women-candidates-2026,0
2026-09-27,House,CA-28,California,Completed,Judy Chu,1,Woman — Rutgers CAWP roster,April Verlato,1,Woman — Rutgers CAWP roster,Solid D,0.963739,0.036261,1.000000,Win probabilities normalized from Kalshi D/R raw prices. Win probabilities normalized from Kalshi D/R raw prices.,https://en.wikipedia.org/wiki/2026_United_States_House_of_Representatives_elections,https://www.270towin.com/2026-house-election/cook-political-report-2026-house-ratings,https://cawp.rutgers.edu/facts/elections-and-appointments/women-candidates-2026,0
2026-08-20,House,CA-29,California,Completed,Luz Rivas / Angelica Dueñas,1,Same-party finalists: 2/2 women; equal split assumed,Unknown,0,Unknown candidate → 0,Solid D,1,0,1,Same-party top-two final; candidate win probabilities use normalized Kalshi candidate markets.,https://en.wikipedia.org/wiki/2026_United_States_House_of_Representatives_elections,https://www.270towin.com/2026-house-election/cook-political-report-2026-house-ratings,https://cawp.rutgers.edu/facts/elections-and-appointments/women-candidates-2026,0
2026-09-27,House,CA-30,California,Completed,Laura Friedman,1,Woman — Rutgers CAWP roster,Scott Meyers,0,Man — inferred (not on CAWP women roster),Solid D,0.961326,0.038674,0.961326,Win probabilities normalized from Kalshi D/R raw prices. Win probabilities normalized from Kalshi D/R raw prices.,https://en.wikipedia.org/wiki/2026_United_States_House_of_Representatives_elections,https://www.270towin.com/2026-house-election/cook-political-report-2026-house-ratings,https://cawp.rutgers.edu/facts/elections-and-appointments/women-candidates-2026,0
2026-09-27,House,CA-31,California,Completed,Gil Cisneros,0,Man — inferred (not on CAWP women roster),Eric Ching,0,Man — inferred (not on CAWP women roster),Solid D,0.972125,0.027875,0.000000,Win probabilities normalized from Kalshi D/R raw prices. Win probabilities normalized from Kalshi D/R raw prices.,https://en.wikipedia.org/wiki/2026_United_States_House_of_Representatives_elections,https://www.270towin.com/2026-house-election/cook-political-report-2026-house-ratings,https://cawp.rutgers.edu/facts/elections-and-appointments/women-candidates-2026,0
2026-09-27,House,CA-32,California,Completed,Brad Sherman,0,Man — inferred (not on CAWP women roster),Larry Thompson,0,Man — inferred (not on CAWP women roster),Solid D,0.975843,0.024157,0.000000,Win probabilities normalized from Kalshi D/R raw prices. Win probabilities normalized from Kalshi D/R raw prices.,https://en.wikipedia.org/wiki/2026_United_States_House_of_Representatives_elections,https://www.270towin.com/2026-house-election/cook-political-report-2026-house-ratings,https://cawp.rutgers.edu/facts/elections-and-appointments/women-candidates-2026,0
2026-09-27,House,CA-33,California,Completed,Pete Aguilar,0,Man — inferred (not on CAWP women roster),Stephanie Vargas,1,Woman — Rutgers CAWP roster,Solid D,0.958748,0.041252,0.041252,Win probabilities normalized from Kalshi D/R raw prices. Win probabilities normalized from Kalshi D/R raw prices.,https://en.wikipedia.org/wiki/2026_United_States_House_of_Representatives_elections,https://www.270towin.com/2026-house-election/cook-political-report-2026-house-ratings,https://cawp.rutgers.edu/facts/elections-and-appointments/women-candidates-2026,0
2026-08-22,House,CA-34,California,Completed,Jimmy Gomez / Angela Gonzales-Torres,0.5,Same-party finalists: 1/2 women; equal split assumed,Unknown,0,Unknown candidate → 0,Solid D,1,0,0.815000,Same-party top-two final; candidate win probabilities use normalized Kalshi candidate markets.,https://en.wikipedia.org/wiki/2026_United_States_House_of_Representatives_elections,https://www.270towin.com/2026-house-election/cook-political-report-2026-house-ratings,https://cawp.rutgers.edu/facts/elections-and-appointments/women-candidates-2026,0
2026-09-27,House,CA-35,California,Completed,Norma Torres,1,Woman — Rutgers CAWP roster,Mike Cargile,0,Man — inferred (not on CAWP women roster),Solid D,0.969331,0.030669,0.969331,Win probabilities normalized from Kalshi D/R raw prices. Win probabilities normalized from Kalshi D/R raw prices.,https://en.wikipedia.org/wiki/2026_United_States_House_of_Representatives_elections,https://www.270towin.com/2026-house-election/cook-political-report-2026-house-ratings,https://cawp.rutgers.edu/facts/elections-and-appointments/women-candidates-2026,0
2026-09-27,House,CA-36,California,Completed,Ted Lieu,0,Man — inferred (not on CAWP women roster),Houston Brignano,0,Man — inferred (not on CAWP women roster),Solid D,0.973456,0.026544,0.000000,Win probabilities normalized from Kalshi D/R raw prices. Win probabilities normalized from Kalshi D/R raw prices.,https://en.wikipedia.org/wiki/2026_United_States_House_of_Representatives_elections,https://www.270towin.com/2026-house-election/cook-political-report-2026-house-ratings,https://cawp.rutgers.edu/facts/elections-and-appointments/women-candidates-2026,0
2026-08-20,House,CA-37,California,Completed,Sydney Kamlager-Dove / Samantha Mota,1,Same-party finalists: 2/2 women; equal split assumed,Unknown,0,Unknown candidate → 0,Solid D,1,0,1,Same-party top-two final; candidate win probabilities use normalized Kalshi candidate markets.,https://en.wikipedia.org/wiki/2026_United_States_House_of_Representatives_elections,https://www.270towin.com/2026-house-election/cook-political-report-2026-house-ratings,https://cawp.rutgers.edu/facts/elections-and-appointments/women-candidates-2026,0
2026-09-27,House,CA-38,California,Completed,Hilda Solis,1,Woman — Rutgers CAWP roster,Pedro Casas,0,Man — inferred (not on CAWP women roster),Solid D,0.977688,0.022312,0.977688,Win probabilities normalized from Kalshi D/R raw prices. Win probabilities normalized from Kalshi D/R raw prices.,https://en.wikipedia.org/wiki/2026_United_States_House_of_Representatives_elections,https://www.270towin.com/2026-house-election/cook-political-report-2026-house-ratings,https://cawp.rutgers.edu/facts/elections-and-appointments/women-candidates-2026,0
2026-09-27,House,CA-39,California,Completed,Mark Takano,0,Man — inferred (not on CAWP women roster),Steve Manos,0,Man — inferred (not on CAWP women roster),Solid D,0.956215,0.043785,0.000000,Win probabilities normalized from Kalshi D/R raw prices. Win probabilities normalized from Kalshi D/R raw prices.,https://en.wikipedia.org/wiki/2026_United_States_House_of_Representatives_elections,https://www.270towin.com/2026-house-election/cook-political-report-2026-house-ratings,https://cawp.rutgers.edu/facts/elections-and-appointments/women-candidates-2026,0
2026-08-20,House,CA-40,California,Completed,Unknown,0,Unknown candidate → 0,Ken Calvert / Young Kim,0.5,Same-party finalists: 1/2 women; equal split assumed,Solid R,0,1,0.303030,Same-party top-two final; candidate win probabilities use normalized Kalshi candidate markets.,https://en.wikipedia.org/wiki/2026_United_States_House_of_Representatives_elections,https://www.270towin.com/2026-house-election/cook-political-report-2026-house-ratings,https://cawp.rutgers.edu/facts/elections-and-appointments/women-candidates-2026,0
2026-08-22,House,CA-41,California,Completed,Linda Sánchez,1,Woman — Rutgers CAWP roster,Mitch Clemmons,0,Man — inferred (not on CAWP women roster),Solid D,0.953571,0.046429,0.953571,Win probabilities normalized from Kalshi D/R raw prices. Win probabilities normalized from Kalshi D/R raw prices.,https://en.wikipedia.org/wiki/2026_United_States_House_of_Representatives_elections,https://www.270towin.com/2026-house-election/cook-political-report-2026-house-ratings,https://cawp.rutgers.edu/facts/elections-and-appointments/women-candidates-2026,0
2026-09-27,House,CA-42,California,Completed,Robert Garcia,0,Man — inferred (not on CAWP women roster),Brian Burley,0,Man — inferred (not on CAWP women roster),Solid D,0.957916,0.042084,0.000000,Win probabilities normalized from Kalshi D/R raw prices. Win probabilities normalized from Kalshi D/R raw prices.,https://en.wikipedia.org/wiki/2026_United_States_House_of_Representatives_elections,https://www.270towin.com/2026-house-election/cook-political-report-2026-house-ratings,https://cawp.rutgers.edu/facts/elections-and-appointments/women-candidates-2026,0
2026-09-27,House,CA-43,California,Completed,Maxine Waters,1,Woman — Rutgers CAWP roster,Cristian Morales,0,Man — inferred (not on CAWP women roster),Solid D,0.978511,0.021489,0.978511,Win probabilities normalized from Kalshi D/R raw prices. Win probabilities normalized from Kalshi D/R raw prices.,https://en.wikipedia.org/wiki/2026_United_States_House_of_Representatives_elections,https://www.270towin.com/2026-house-election/cook-political-report-2026-house-ratings,https://cawp.rutgers.edu/facts/elections-and-appointments/women-candidates-2026,0
2026-09-27,House,CA-44,California,Completed,Nanette Barragán,1,Woman — Rutgers CAWP roster,Genevieve Angel,1,Woman — Rutgers CAWP roster,Solid D,0.974950,0.025050,1.000000,Win probabilities normalized from Kalshi D/R raw prices. Win probabilities normalized from Kalshi D/R raw prices.,https://en.wikipedia.org/wiki/2026_United_States_House_of_Representatives_elections,https://www.270towin.com/2026-house-election/cook-political-report-2026-house-ratings,https://cawp.rutgers.edu/facts/elections-and-appointments/women-candidates-2026,0
2026-08-22,House,CA-45,California,Completed,Derek Tran,0,Man — inferred (not on CAWP women roster),Chuong Vo,0,Man — inferred (not on CAWP women roster),Likely D,0.883249,0.116751,0.000000,Win probabilities normalized from Kalshi D/R raw prices. Win probabilities normalized from Kalshi D/R raw prices.,https://en.wikipedia.org/wiki/2026_United_States_House_of_Representatives_elections,https://www.270towin.com/2026-house-election/cook-political-report-2026-house-ratings,https://cawp.rutgers.edu/facts/elections-and-appointments/women-candidates-2026,0
2026-09-27,House,CA-46,California,Completed,Lou Correa,0,Man — inferred (not on CAWP women roster),David Pan,0,Man — inferred (not on CAWP women roster),Solid D,0.950722,0.049278,0.000000,Win probabilities normalized from Kalshi D/R raw prices. Win probabilities normalized from Kalshi D/R raw prices.,https://en.wikipedia.org/wiki/2026_United_States_House_of_Representatives_elections,https://www.270towin.com/2026-house-election/cook-political-report-2026-house-ratings,https://cawp.rutgers.edu/facts/elections-and-appointments/women-candidates-2026,0
2026-08-22,House,CA-47,California,Completed,Dave Min,0,Man — inferred (not on CAWP women roster),Jenny Le Roux,1,Woman — Rutgers CAWP roster,Solid D,0.953101,0.046899,0.046899,Win probabilities normalized from Kalshi D/R raw prices. Win probabilities normalized from Kalshi D/R raw prices.,https://en.wikipedia.org/wiki/2026_United_States_House_of_Representatives_elections,https://www.270towin.com/2026-house-election/cook-political-report-2026-house-ratings,https://cawp.rutgers.edu/facts/elections-and-appointments/women-candidates-2026,0
2026-09-27,House,CA-48,California,Completed,Marni von Wilpert,1,Woman — Rutgers CAWP roster,Jim Desmond,0,Man — inferred (not on CAWP women roster),Lean D,0.900794,0.099206,0.900794,Win probabilities normalized from Kalshi D/R raw prices. Win probabilities normalized from Kalshi D/R raw prices.,https://en.wikipedia.org/wiki/2026_United_States_House_of_Representatives_elections,https://www.270towin.com/2026-house-election/cook-political-report-2026-house-ratings,https://cawp.rutgers.edu/facts/elections-and-appointments/women-candidates-2026,0
2026-08-22,House,CA-49,California,Completed,Mike Levin,0,Man — inferred (not on CAWP women roster),Armen Kurdian,0,Man — inferred (not on CAWP women roster),Solid D,0.928824,0.071176,0.000000,Win probabilities normalized from Kalshi D/R raw prices. Win probabilities normalized from Kalshi D/R raw prices.,https://en.wikipedia.org/wiki/2026_United_States_House_of_Representatives_elections,https://www.270towin.com/2026-house-election/cook-political-report-2026-house-ratings,https://cawp.rutgers.edu/facts/elections-and-appointments/women-candidates-2026,0
2026-09-27,House,CA-50,California,Completed,Scott Peters,0,Man — inferred (not on CAWP women roster),Steve Cohen,0,Man — inferred (not on CAWP women roster),Solid D,0.965795,0.034205,0.000000,Win probabilities normalized from Kalshi D/R raw prices. Win probabilities normalized from Kalshi D/R raw prices.,https://en.wikipedia.org/wiki/2026_United_States_House_of_Representatives_elections,https://www.270towin.com/2026-house-election/cook-political-report-2026-house-ratings,https://cawp.rutgers.edu/facts/elections-and-appointments/women-candidates-2026,0
2026-09-27,House,CA-51,California,Completed,Sara Jacobs,1,Woman — Rutgers CAWP roster,Ricardo Cabrera,0,Man — inferred (not on CAWP women roster),Solid D,0.968576,0.031424,0.968576,Win probabilities normalized from Kalshi D/R raw prices. Win probabilities normalized from Kalshi D/R raw prices.,https://en.wikipedia.org/wiki/2026_United_States_House_of_Representatives_elections,https://www.270towin.com/2026-house-election/cook-political-report-2026-house-ratings,https://cawp.rutgers.edu/facts/elections-and-appointments/women-candidates-2026,0
2026-09-27,House,CA-52,California,Completed,Juan Vargas,0,Man — inferred (not on CAWP women roster),Jeff Belle,0,Man — inferred (not on CAWP women roster),Solid D,0.963074,0.036926,0.000000,Win probabilities normalized from Kalshi D/R raw prices. Win probabilities normalized from Kalshi D/R raw prices.,https://en.wikipedia.org/wiki/2026_United_States_House_of_Representatives_elections,https://www.270towin.com/2026-house-election/cook-political-report-2026-house-ratings,https://cawp.rutgers.edu/facts/elections-and-appointments/women-candidates-2026,0
2026-09-27,House,CO-1,Colorado,Completed,Melat Kiros,1,Woman — Rutgers CAWP roster,Christy Peterson,1,Woman — Rutgers CAWP roster,Solid D,0.979602,0.020398,1.000000,Win probabilities normalized from Kalshi D/R raw prices. Win probabilities normalized from Kalshi D/R raw prices.,https://en.wikipedia.org/wiki/2026_United_States_House_of_Representatives_elections,https://www.270towin.com/2026-house-election/cook-political-report-2026-house-ratings,https://cawp.rutgers.edu/facts/elections-and-appointments/women-candidates-2026,0
2026-09-27,House,CO-2,Colorado,Completed,Joe Neguse,0,Man — inferred (not on CAWP women roster),Kelley Dennison,1,Woman — Rutgers CAWP roster,Solid D,0.962095,0.037905,0.037905,Win probabilities normalized from Kalshi D/R raw prices. Win probabilities normalized from Kalshi D/R raw prices.,https://en.wikipedia.org/wiki/2026_United_States_House_of_Representatives_elections,https://www.270towin.com/2026-house-election/cook-political-report-2026-house-ratings,https://cawp.rutgers.edu/facts/elections-and-appointments/women-candidates-2026,0
2026-08-22,House,CO-3,Colorado,Completed,Dwayne Romero,0,Man — inferred (not on CAWP women roster),Jeff Hurd,0,Man — inferred (not on CAWP women roster),Likely R,0.351485,0.648515,0.000000,Win probabilities normalized from Kalshi D/R raw prices. Win probabilities normalized from Kalshi D/R raw prices.,https://en.wikipedia.org/wiki/2026_United_States_House_of_Representatives_elections,https://www.270towin.com/2026-house-election/cook-political-report-2026-house-ratings,https://cawp.rutgers.edu/facts/elections-and-appointments/women-candidates-2026,0
2026-09-27,House,CO-4,Colorado,Completed,Eileen Laubacher,1,Woman — Rutgers CAWP roster,Lauren Boebert,1,Woman — Rutgers CAWP roster,Solid R,0.295000,0.705000,1.000000,Win probabilities normalized from Kalshi D/R raw prices. Win probabilities normalized from Kalshi D/R raw prices.,https://en.wikipedia.org/wiki/2026_United_States_House_of_Representatives_elections,https://www.270towin.com/2026-house-election/cook-political-report-2026-house-ratings,https://cawp.rutgers.edu/facts/elections-and-appointments/women-candidates-2026,0
2026-09-27,House,CO-5,Colorado,Completed,Jessica Killin,1,Woman — Rutgers CAWP roster,Jeff Crank,0,Man — inferred (not on CAWP women roster),Likely R,0.285000,0.715000,0.285000,Win probabilities normalized from Kalshi D/R raw prices. Win probabilities normalized from Kalshi D/R raw prices.,https://en.wikipedia.org/wiki/2026_United_States_House_of_Representatives_elections,https://www.270towin.com/2026-house-election/cook-political-report-2026-house-ratings,https://cawp.rutgers.edu/facts/elections-and-appointments/women-candidates-2026,0
2026-09-27,House,CO-6,Colorado,Completed,Jason Crow,0,Man — inferred (not on CAWP women roster),Jason Clark,0,Man — inferred (not on CAWP women roster),Solid D,0.963500,0.036500,0.000000,Win probabilities normalized from Kalshi D/R raw prices. Win probabilities normalized from Kalshi D/R raw prices.,https://en.wikipedia.org/wiki/2026_United_States_House_of_Representatives_elections,https://www.270towin.com/2026-house-election/cook-political-report-2026-house-ratings,https://cawp.rutgers.edu/facts/elections-and-appointments/women-candidates-2026,0
2026-09-27,House,CO-7,Colorado,Completed,Brittany Pettersen,1,Woman — Rutgers CAWP roster,Tim Bennett,0,Man — inferred (not on CAWP women roster),Solid D,0.963018,0.036982,0.963018,Win probabilities normalized from Kalshi D/R raw prices. Win probabilities normalized from Kalshi D/R raw prices.,https://en.wikipedia.org/wiki/2026_United_States_House_of_Representatives_elections,https://www.270towin.com/2026-house-election/cook-political-report-2026-house-ratings,https://cawp.rutgers.edu/facts/elections-and-appointments/women-candidates-2026,0
2026-08-22,House,CO-8,Colorado,Completed,Manny Rutinel,0,Man — inferred (not on CAWP women roster),Gabe Evans,0,Man — inferred (not on CAWP women roster),Toss-up,0.786802,0.213198,0.000000,Win probabilities normalized from Kalshi D/R raw prices. Win probabilities normalized from Kalshi D/R raw prices.,https://en.wikipedia.org/wiki/2026_United_States_House_of_Representatives_elections,https://www.270towin.com/2026-house-election/cook-political-report-2026-house-ratings,https://cawp.rutgers.edu/facts/elections-and-appointments/women-candidates-2026,0
2026-09-27,House,CT-1,Connecticut,Completed,Luke Bronin,0,Man — inferred (not on CAWP women roster),Amy Chai,1,Woman — Rutgers CAWP roster,Solid D,0.967532,0.032468,0.032468,Win probabilities normalized from Kalshi D/R raw prices. Win probabilities normalized from Kalshi D/R raw prices.,https://ballotpedia.org/United_States_House_of_Representatives_elections_in_Connecticut%2C_2026,https://www.270towin.com/2026-house-election/cook-political-report-2026-house-ratings,https://cawp.rutgers.edu/facts/elections-and-appointments/women-candidates-2026,0
2026-09-27,House,CT-2,Connecticut,Completed,Joe Courtney,0,Man — inferred (not on CAWP women roster),George Austin,0,Man — inferred (not on CAWP women roster),Solid D,0.954816,0.045184,0.000000,Win probabilities normalized from Kalshi D/R raw prices. Win probabilities normalized from Kalshi D/R raw prices.,https://ballotpedia.org/United_States_House_of_Representatives_elections_in_Connecticut%2C_2026,https://www.270towin.com/2026-house-election/cook-political-report-2026-house-ratings,https://cawp.rutgers.edu/facts/elections-and-appointments/women-candidates-2026,0
2026-09-27,House,CT-3,Connecticut,Completed,Rosa DeLauro,1,Woman — Rutgers CAWP roster,Christopher Lancia,0,Man — inferred (not on CAWP women roster),Solid D,0.980102,0.019898,0.980102,Win probabilities normalized from Kalshi D/R raw prices. Win probabilities normalized from Kalshi D/R raw prices.,https://ballotpedia.org/United_States_House_of_Representatives_elections_in_Connecticut%2C_2026,https://www.270towin.com/2026-house-election/cook-political-report-2026-house-ratings,https://cawp.rutgers.edu/facts/elections-and-appointments/women-candidates-2026,0
2026-09-27,House,CT-4,Connecticut,Completed,Jim Himes,0,Man — inferred (not on CAWP women roster),Michael Goldstein,0,Man — inferred (not on CAWP women roster),Solid D,0.969787,0.030213,0.000000,Win probabilities normalized from Kalshi D/R raw prices. Win probabilities normalized from Kalshi D/R raw prices.,https://ballotpedia.org/United_States_House_of_Representatives_elections_in_Connecticut%2C_2026,https://www.270towin.com/2026-house-election/cook-political-report-2026-house-ratings,https://cawp.rutgers.edu/facts/elections-and-appointments/women-candidates-2026,0
2026-08-22,House,CT-5,Connecticut,Completed,Jahana Hayes,1,Woman — Rutgers CAWP roster,Chris Shea,0,Man — inferred (not on CAWP women roster),Solid D,0.948496,0.051504,0.948496,Win probabilities normalized from Kalshi D/R raw prices. Win probabilities normalized from Kalshi D/R raw prices.,https://ballotpedia.org/United_States_House_of_Representatives_elections_in_Connecticut%2C_2026,https://www.270towin.com/2026-house-election/cook-political-report-2026-house-ratings,https://cawp.rutgers.edu/facts/elections-and-appointments/women-candidates-2026,0
2026-09-27,House,DE-AL,Delaware,Future primary,Sarah McBride,1,Woman — Rutgers CAWP roster,Unknown,0,Unknown candidate → 0,Solid D,0.980952,0.019048,0.980952,Incumbent running; other party unknown Win probabilities normalized from Kalshi D/R raw prices. Win probabilities normalized from Kalshi D/R raw prices.,https://en.wikipedia.org/wiki/2026_United_States_House_of_Representatives_elections,https://www.270towin.com/2026-house-election/cook-political-report-2026-house-ratings,https://cawp.rutgers.edu/facts/elections-and-appointments/women-candidates-2026,0
2026-09-27,House,FL-1,Florida,Completed,Gay Valimont,1,Woman — Rutgers CAWP roster,Jimmy Patronis,0,Man — inferred (not on CAWP women roster),Solid R,0.041273,0.958727,0.041273,Win probabilities normalized from Kalshi D/R raw prices. Win probabilities normalized from Kalshi D/R raw prices.,https://ballotpedia.org/United_States_House_of_Representatives_elections_in_Florida%2C_2026,https://www.270towin.com/2026-house-election/cook-political-report-2026-house-ratings,https://cawp.rutgers.edu/facts/elections-and-appointments/women-candidates-2026,0
2026-09-27,House,FL-2,Florida,Completed,Amanda Green,1,Woman — Rutgers CAWP roster,Austin Rogers,0,Man — inferred (not on CAWP women roster),Solid R,0.086543,0.913457,0.086543,Win probabilities normalized from Kalshi D/R raw prices. Win probabilities normalized from Kalshi D/R raw prices.,https://ballotpedia.org/United_States_House_of_Representatives_elections_in_Florida%2C_2026,https://www.270towin.com/2026-house-election/cook-political-report-2026-house-ratings,https://cawp.rutgers.edu/facts/elections-and-appointments/women-candidates-2026,0
2026-09-27,House,FL-3,Florida,Completed,Seth Harp,0,Man — inferred (not on CAWP women roster),Kat Cammack,1,Woman — Rutgers CAWP roster,Solid R,0.056557,0.943443,0.943443,Win probabilities normalized from Kalshi D/R raw prices. Win probabilities normalized from Kalshi D/R raw prices.,https://ballotpedia.org/United_States_House_of_Representatives_elections_in_Florida%2C_2026,https://www.270towin.com/2026-house-election/cook-political-report-2026-house-ratings,https://cawp.rutgers.edu/facts/elections-and-appointments/women-candidates-2026,0
2026-09-27,House,FL-4,Florida,Completed,LaShonda Holloway,1,Woman — Rutgers CAWP roster,Aaron Bean,0,Man — inferred (not on CAWP women roster),Solid R,0.135678,0.864322,0.135678,Win probabilities normalized from Kalshi D/R raw prices. Win probabilities normalized from Kalshi D/R raw prices.,https://ballotpedia.org/United_States_House_of_Representatives_elections_in_Florida%2C_2026,https://www.270towin.com/2026-house-election/cook-political-report-2026-house-ratings,https://cawp.rutgers.edu/facts/elections-and-appointments/women-candidates-2026,0
2026-09-27,House,FL-5,Florida,Completed,Rachel Grage,1,Woman — Rutgers CAWP roster,John Rutherford,0,Man — inferred (not on CAWP women roster),Solid R,0.076065,0.923935,0.076065,Win probabilities normalized from Kalshi D/R raw prices. Win probabilities normalized from Kalshi D/R raw prices.,https://ballotpedia.org/United_States_House_of_Representatives_elections_in_Florida%2C_2026,https://www.270towin.com/2026-house-election/cook-political-report-2026-house-ratings,https://cawp.rutgers.edu/facts/elections-and-appointments/women-candidates-2026,0
2026-09-27,House,FL-6,Florida,Completed,Eric Yonce,0,Man — inferred (not on CAWP women roster),Randy Fine,0,Man — inferred (not on CAWP women roster),Solid R,0.072709,0.927291,0.000000,Win probabilities normalized from Kalshi D/R raw prices. Win probabilities normalized from Kalshi D/R raw prices.,https://ballotpedia.org/United_States_House_of_Representatives_elections_in_Florida%2C_2026,https://www.270towin.com/2026-house-election/cook-political-report-2026-house-ratings,https://cawp.rutgers.edu/facts/elections-and-appointments/women-candidates-2026,0
2026-09-27,House,FL-7,Florida,Completed,Bale Dalton,0,Man — inferred (not on CAWP women roster),Ryan Elijah,0,Man — inferred (not on CAWP women roster),Likely R,0.321782,0.678218,0.000000,Win probabilities normalized from Kalshi D/R raw prices. Win probabilities normalized from Kalshi D/R raw prices.,https://ballotpedia.org/United_States_House_of_Representatives_elections_in_Florida%2C_2026,https://www.270towin.com/2026-house-election/cook-political-report-2026-house-ratings,https://cawp.rutgers.edu/facts/elections-and-appointments/women-candidates-2026,0
2026-09-27,House,FL-8,Florida,Completed,Jennifer Jenkins,1,Woman — Rutgers CAWP roster,Mike Haridopolos,0,Man — inferred (not on CAWP women roster),Solid R,0.050968,0.949032,0.050968,Win probabilities normalized from Kalshi D/R raw prices. Win probabilities normalized from Kalshi D/R raw prices.,https://ballotpedia.org/United_States_House_of_Representatives_elections_in_Florida%2C_2026,https://www.270towin.com/2026-house-election/cook-political-report-2026-house-ratings,https://cawp.rutgers.edu/facts/elections-and-appointments/women-candidates-2026,0
2026-09-27,House,FL-9,Florida,Completed,Darren Soto,0,Man — verified candidate,Dan Green,0,Man — verified candidate,Likely R,0.326733,0.673267,0.000000,Primary resolved; nominees updated from post-primary results.,https://www.bhfs.com/insight/florida-2026-post-primary-election-report/,https://www.270towin.com/2026-house-election/cook-political-report-2026-house-ratings,https://cawp.rutgers.edu/facts/elections-and-appointments/women-candidates-2026,0
2026-09-27,House,FL-10,Florida,Completed,Maxwell Frost,0,Man — inferred (not on CAWP women roster),None/Minor,0,No Republican filer; minor-party or no opponent,Solid D,0.963298,0.036702,0.000000,No Republican nominee; general election canceled. Win probabilities normalized from Kalshi D/R raw prices. Win probabilities normalized from Kalshi D/R raw prices.,https://ballotpedia.org/United_States_House_of_Representatives_elections_in_Florida%2C_2026,https://www.270towin.com/2026-house-election/cook-political-report-2026-house-ratings,https://cawp.rutgers.edu/facts/elections-and-appointments/women-candidates-2026,0
2026-09-27,House,FL-11,Florida,Completed,James Pericola,0,Man — verified candidate,Joe Strada,0,Man — verified candidate,Solid R,0.125000,0.875000,0.000000,Primary resolved; nominees updated from post-primary results.,https://www.bhfs.com/insight/florida-2026-post-primary-election-report/,https://www.270towin.com/2026-house-election/cook-political-report-2026-house-ratings,https://cawp.rutgers.edu/facts/elections-and-appointments/women-candidates-2026,0
2026-09-27,House,FL-12,Florida,Completed,Kimberly Overman,1,Woman — Rutgers CAWP roster,Gus Bilirakis,0,Man — inferred (not on CAWP women roster),Solid R,0.131980,0.868020,0.131980,Win probabilities normalized from Kalshi D/R raw prices. Win probabilities normalized from Kalshi D/R raw prices.,https://ballotpedia.org/United_States_House_of_Representatives_elections_in_Florida%2C_2026,https://www.270towin.com/2026-house-election/cook-political-report-2026-house-ratings,https://cawp.rutgers.edu/facts/elections-and-appointments/women-candidates-2026,0
2026-08-22,House,FL-13,Florida,Completed,Leela Gray,1,Woman — Rutgers CAWP roster,Anna Paulina Luna,1,Woman — Rutgers CAWP roster,Likely R,0.241206,0.758794,1.000000,Win probabilities normalized from Kalshi D/R raw prices. Win probabilities normalized from Kalshi D/R raw prices.,https://ballotpedia.org/United_States_House_of_Representatives_elections_in_Florida%2C_2026,https://www.270towin.com/2026-house-election/cook-political-report-2026-house-ratings,https://cawp.rutgers.edu/facts/elections-and-appointments/women-candidates-2026,0
2026-09-27,House,FL-14,Florida,Completed,Kathy Castor,1,Woman — Rutgers CAWP roster,Mike Beltran,0,Man — inferred (not on CAWP women roster),Toss-up,0.678218,0.321782,0.678218,Win probabilities normalized from Kalshi D/R raw prices. Win probabilities normalized from Kalshi D/R raw prices.,https://ballotpedia.org/United_States_House_of_Representatives_elections_in_Florida%2C_2026,https://www.270towin.com/2026-house-election/cook-political-report-2026-house-ratings,https://cawp.rutgers.edu/facts/elections-and-appointments/women-candidates-2026,0
2026-09-27,House,FL-15,Florida,Completed,Robert People,0,Man — inferred (not on CAWP women roster),Laurel Lee,1,Woman — Rutgers CAWP roster,Solid R,0.087369,0.912631,0.912631,Win probabilities normalized from Kalshi D/R raw prices. Win probabilities normalized from Kalshi D/R raw prices.,https://ballotpedia.org/United_States_House_of_Representatives_elections_in_Florida%2C_2026,https://www.270towin.com/2026-house-election/cook-political-report-2026-house-ratings,https://cawp.rutgers.edu/facts/elections-and-appointments/women-candidates-2026,0
2026-09-27,House,FL-16,Florida,Completed,Kelly Kirschner,0,Man — inferred (not on CAWP women roster),Sydney Gruters,1,Woman — Rutgers CAWP roster,Solid R,0.166667,0.833333,0.833333,Win probabilities normalized from Kalshi D/R raw prices. Win probabilities normalized from Kalshi D/R raw prices.,https://ballotpedia.org/United_States_House_of_Representatives_elections_in_Florida%2C_2026,https://www.270towin.com/2026-house-election/cook-political-report-2026-house-ratings,https://cawp.rutgers.edu/facts/elections-and-appointments/women-candidates-2026,0
2026-09-27,House,FL-17,Florida,Completed,Matthew Montavon,0,Man — inferred (not on CAWP women roster),Greg Steube,0,Man — inferred (not on CAWP women roster),Solid R,0.053598,0.946402,0.000000,Win probabilities normalized from Kalshi D/R raw prices. Win probabilities normalized from Kalshi D/R raw prices.,https://ballotpedia.org/United_States_House_of_Representatives_elections_in_Florida%2C_2026,https://www.270towin.com/2026-house-election/cook-political-report-2026-house-ratings,https://cawp.rutgers.edu/facts/elections-and-appointments/women-candidates-2026,0
2026-09-27,House,FL-18,Florida,Completed,Curtis Gibson,0,Man — inferred (not on CAWP women roster),Scott Franklin,0,Man — inferred (not on CAWP women roster),Solid R,0.080321,0.919679,0.000000,Win probabilities normalized from Kalshi D/R raw prices. Win probabilities normalized from Kalshi D/R raw prices.,https://ballotpedia.org/United_States_House_of_Representatives_elections_in_Florida%2C_2026,https://www.270towin.com/2026-house-election/cook-political-report-2026-house-ratings,https://cawp.rutgers.edu/facts/elections-and-appointments/women-candidates-2026,0
2026-09-27,House,FL-19,Florida,Completed,Victor Arias,0,Man — inferred (not on CAWP women roster),Jim Schwartzel,0,Man — inferred (not on CAWP women roster),Solid R,0.062124,0.937876,0.000000,Win probabilities normalized from Kalshi D/R raw prices. Win probabilities normalized from Kalshi D/R raw prices.,https://ballotpedia.org/United_States_House_of_Representatives_elections_in_Florida%2C_2026,https://www.270towin.com/2026-house-election/cook-political-report-2026-house-ratings,https://cawp.rutgers.edu/facts/elections-and-appointments/women-candidates-2026,0
2026-09-27,House,FL-20,Florida,Completed,Debbie Wasserman Schultz,1,Woman — Rutgers CAWP roster,Brent Andersen,0,Man — inferred (not on CAWP women roster),Solid D,0.975463,0.024537,0.975463,Win probabilities normalized from Kalshi D/R raw prices. Win probabilities normalized from Kalshi D/R raw prices.,https://ballotpedia.org/United_States_House_of_Representatives_elections_in_Florida%2C_2026,https://www.270towin.com/2026-house-election/cook-political-report-2026-house-ratings,https://cawp.rutgers.edu/facts/elections-and-appointments/women-candidates-2026,0
2026-09-27,House,FL-21,Florida,Completed,James Martin,0,Man — verified candidate,Brian Mast,0,Man — verified candidate,Solid R,0.088191,0.911809,0.000000,Primary resolved; nominees updated from post-primary results.,https://www.bhfs.com/insight/florida-2026-post-primary-election-report/,https://www.270towin.com/2026-house-election/cook-political-report-2026-house-ratings,https://cawp.rutgers.edu/facts/elections-and-appointments/women-candidates-2026,0
2026-09-27,House,FL-22,Florida,Completed,Pia Dandiya,1,Woman — Rutgers CAWP roster,Casey Askar,0,Man — inferred (not on CAWP women roster),Lean R,0.525000,0.475000,0.525000,Win probabilities normalized from Kalshi D/R raw prices. Win probabilities normalized from Kalshi D/R raw prices.,https://ballotpedia.org/United_States_House_of_Representatives_elections_in_Florida%2C_2026,https://www.270towin.com/2026-house-election/cook-political-report-2026-house-ratings,https://cawp.rutgers.edu/facts/elections-and-appointments/women-candidates-2026,0
2026-08-22,House,FL-23,Florida,Completed,Lois Frankel,1,Woman — Rutgers CAWP roster,Deborah Adeimy,1,Woman — Rutgers CAWP roster,Solid D,0.926402,0.073598,1.000000,Win probabilities normalized from Kalshi D/R raw prices. Win probabilities normalized from Kalshi D/R raw prices.,https://ballotpedia.org/United_States_House_of_Representatives_elections_in_Florida%2C_2026,https://www.270towin.com/2026-house-election/cook-political-report-2026-house-ratings,https://cawp.rutgers.edu/facts/elections-and-appointments/women-candidates-2026,0
2026-09-27,House,FL-24,Florida,Completed,Oliver Gilbert,0,Man — inferred (not on CAWP women roster),Te Brown,1,Woman — Rutgers CAWP roster,Solid D,0.981973,0.018027,0.018027,Win probabilities normalized from Kalshi D/R raw prices. Win probabilities normalized from Kalshi D/R raw prices.,https://ballotpedia.org/United_States_House_of_Representatives_elections_in_Florida%2C_2026,https://www.270towin.com/2026-house-election/cook-political-report-2026-house-ratings,https://cawp.rutgers.edu/facts/elections-and-appointments/women-candidates-2026,0
2026-09-27,House,FL-25,Florida,Completed,Jared Moskowitz,0,Man — inferred (not on CAWP women roster),Scott Singer,0,Man — inferred (not on CAWP women roster),Toss-up,0.732323,0.267677,0.000000,Win probabilities normalized from Kalshi D/R raw prices. Win probabilities normalized from Kalshi D/R raw prices.,https://ballotpedia.org/United_States_House_of_Representatives_elections_in_Florida%2C_2026,https://www.270towin.com/2026-house-election/cook-political-report-2026-house-ratings,https://cawp.rutgers.edu/facts/elections-and-appointments/women-candidates-2026,0
2026-09-27,House,FL-26,Florida,Completed,Nicole Locklin,1,Woman — Rutgers CAWP roster,Mario Diaz-Balart,0,Man — inferred (not on CAWP women roster),Solid R,0.126263,0.873737,0.126263,Win probabilities normalized from Kalshi D/R raw prices. Win probabilities normalized from Kalshi D/R raw prices.,https://ballotpedia.org/United_States_House_of_Representatives_elections_in_Florida%2C_2026,https://www.270towin.com/2026-house-election/cook-political-report-2026-house-ratings,https://cawp.rutgers.edu/facts/elections-and-appointments/women-candidates-2026,0
2026-09-27,House,FL-27,Florida,Completed,Eliott Rodriguez,0,Man — inferred (not on CAWP women roster),Maria Elvira Salazar,1,Woman — Rutgers CAWP roster,Likely R,0.384236,0.615764,0.615764,Win probabilities normalized from Kalshi D/R raw prices. Win probabilities normalized from Kalshi D/R raw prices.,https://ballotpedia.org/United_States_House_of_Representatives_elections_in_Florida%2C_2026,https://www.270towin.com/2026-house-election/cook-political-report-2026-house-ratings,https://cawp.rutgers.edu/facts/elections-and-appointments/women-candidates-2026,0
2026-09-27,House,FL-28,Florida,Completed,Phil Ehr,0,Man — inferred (not on CAWP women roster),Carlos Gimenez,0,Man — inferred (not on CAWP women roster),Solid R,0.072391,0.927609,0.000000,Win probabilities normalized from Kalshi D/R raw prices. Win probabilities normalized from Kalshi D/R raw prices.,https://ballotpedia.org/United_States_House_of_Representatives_elections_in_Florida%2C_2026,https://www.270towin.com/2026-house-election/cook-political-report-2026-house-ratings,https://cawp.rutgers.edu/facts/elections-and-appointments/women-candidates-2026,0
2026-09-27,House,GA-1,Georgia,Completed,Amanda Hollowell,1,Woman — Rutgers CAWP roster,Jim Kingston,0,Man — inferred (not on CAWP women roster),Solid R,0.085543,0.914457,0.085543,Win probabilities normalized from Kalshi D/R raw prices. Win probabilities normalized from Kalshi D/R raw prices.,https://en.wikipedia.org/wiki/2026_United_States_House_of_Representatives_elections,https://www.270towin.com/2026-house-election/cook-political-report-2026-house-ratings,https://cawp.rutgers.edu/facts/elections-and-appointments/women-candidates-2026,0
2026-09-27,House,GA-2,Georgia,Completed,Sanford Bishop,0,Man — inferred (not on CAWP women roster),Matt Day,0,Man — inferred (not on CAWP women roster),Solid D,0.947050,0.052950,0.000000,Win probabilities normalized from Kalshi D/R raw prices. Win probabilities normalized from Kalshi D/R raw prices.,https://en.wikipedia.org/wiki/2026_United_States_House_of_Representatives_elections,https://www.270towin.com/2026-house-election/cook-political-report-2026-house-ratings,https://cawp.rutgers.edu/facts/elections-and-appointments/women-candidates-2026,0
2026-09-27,House,GA-3,Georgia,Completed,Maura Keller,1,Woman — Rutgers CAWP roster,Brian Jack,0,Man — inferred (not on CAWP women roster),Solid R,0.046883,0.953117,0.046883,Win probabilities normalized from Kalshi D/R raw prices. Win probabilities normalized from Kalshi D/R raw prices.,https://en.wikipedia.org/wiki/2026_United_States_House_of_Representatives_elections,https://www.270towin.com/2026-house-election/cook-political-report-2026-house-ratings,https://cawp.rutgers.edu/facts/elections-and-appointments/women-candidates-2026,0
2026-09-27,House,GA-4,Georgia,Completed,Hank Johnson,0,Man — inferred (not on CAWP women roster),James Duffie,0,Man — inferred (not on CAWP women roster),Solid D,0.981955,0.018045,0.000000,Win probabilities normalized from Kalshi D/R raw prices. Win probabilities normalized from Kalshi D/R raw prices.,https://en.wikipedia.org/wiki/2026_United_States_House_of_Representatives_elections,https://www.270towin.com/2026-house-election/cook-political-report-2026-house-ratings,https://cawp.rutgers.edu/facts/elections-and-appointments/women-candidates-2026,0
2026-09-27,House,GA-5,Georgia,Completed,Nikema Williams,1,Woman — Rutgers CAWP roster,John Oscar Salvesen,0,Man — inferred (not on CAWP women roster),Solid D,0.982923,0.017077,0.982923,Win probabilities normalized from Kalshi D/R raw prices. Win probabilities normalized from Kalshi D/R raw prices.,https://en.wikipedia.org/wiki/2026_United_States_House_of_Representatives_elections,https://www.270towin.com/2026-house-election/cook-political-report-2026-house-ratings,https://cawp.rutgers.edu/facts/elections-and-appointments/women-candidates-2026,0
2026-09-27,House,GA-6,Georgia,Completed,Lucy McBath,1,Woman — Rutgers CAWP roster,Kevin Martin,0,Man — inferred (not on CAWP women roster),Solid D,0.966399,0.033601,0.966399,Win probabilities normalized from Kalshi D/R raw prices. Win probabilities normalized from Kalshi D/R raw prices.,https://en.wikipedia.org/wiki/2026_United_States_House_of_Representatives_elections,https://www.270towin.com/2026-house-election/cook-political-report-2026-house-ratings,https://cawp.rutgers.edu/facts/elections-and-appointments/women-candidates-2026,0
2026-09-27,House,GA-7,Georgia,Completed,Tony Kozycki,0,Man — inferred (not on CAWP women roster),Rich McCormick,0,Man — inferred (not on CAWP women roster),Solid R,0.048096,0.951904,0.000000,Win probabilities normalized from Kalshi D/R raw prices. Win probabilities normalized from Kalshi D/R raw prices.,https://en.wikipedia.org/wiki/2026_United_States_House_of_Representatives_elections,https://www.270towin.com/2026-house-election/cook-political-report-2026-house-ratings,https://cawp.rutgers.edu/facts/elections-and-appointments/women-candidates-2026,0
2026-09-27,House,GA-8,Georgia,Completed,Kelly Esti,0,Man — inferred (not on CAWP women roster),Austin Scott,0,Man — inferred (not on CAWP women roster),Solid R,0.063988,0.936012,0.000000,Win probabilities normalized from Kalshi D/R raw prices. Win probabilities normalized from Kalshi D/R raw prices.,https://en.wikipedia.org/wiki/2026_United_States_House_of_Representatives_elections,https://www.270towin.com/2026-house-election/cook-political-report-2026-house-ratings,https://cawp.rutgers.edu/facts/elections-and-appointments/women-candidates-2026,0
2026-09-27,House,GA-9,Georgia,Completed,Caitlyn Gegen,1,Woman — Rutgers CAWP roster,Andrew Clyde,0,Man — inferred (not on CAWP women roster),Solid R,0.041962,0.958038,0.041962,Win probabilities normalized from Kalshi D/R raw prices. Win probabilities normalized from Kalshi D/R raw prices.,https://en.wikipedia.org/wiki/2026_United_States_House_of_Representatives_elections,https://www.270towin.com/2026-house-election/cook-political-report-2026-house-ratings,https://cawp.rutgers.edu/facts/elections-and-appointments/women-candidates-2026,0
2026-09-27,House,GA-10,Georgia,Completed,Pam Delancy,1,Woman — Rutgers CAWP roster (Pamela DeLancy name variant),Houston Gaines,0,Man — inferred (not on CAWP women roster),Solid R,0.046915,0.953085,0.046915,Win probabilities normalized from Kalshi D/R raw prices. Win probabilities normalized from Kalshi D/R raw prices.,https://en.wikipedia.org/wiki/2026_United_States_House_of_Representatives_elections,https://www.270towin.com/2026-house-election/cook-political-report-2026-house-ratings,https://cawp.rutgers.edu/facts/elections-and-appointments/women-candidates-2026,0
2026-09-27,House,GA-11,Georgia,Completed,Chris Harden,0,Man — inferred (not on CAWP women roster),John Cowan,0,Man — inferred (not on CAWP women roster),Solid R,0.049049,0.950951,0.000000,Win probabilities normalized from Kalshi D/R raw prices. Win probabilities normalized from Kalshi D/R raw prices.,https://en.wikipedia.org/wiki/2026_United_States_House_of_Representatives_elections,https://www.270towin.com/2026-house-election/cook-political-report-2026-house-ratings,https://cawp.rutgers.edu/facts/elections-and-appointments/women-candidates-2026,0
2026-09-27,House,GA-12,Georgia,Completed,Ceretta Smith,1,Woman — Rutgers CAWP roster,Rick Allen,0,Man — inferred (not on CAWP women roster),Solid R,0.100550,0.899450,0.100550,Win probabilities normalized from Kalshi D/R raw prices. Win probabilities normalized from Kalshi D/R raw prices.,https://en.wikipedia.org/wiki/2026_United_States_House_of_Representatives_elections,https://www.270towin.com/2026-house-election/cook-political-report-2026-house-ratings,https://cawp.rutgers.edu/facts/elections-and-appointments/women-candidates-2026,0
2026-09-27,House,GA-13,Georgia,Completed,Jasmine Clark,1,Woman — Rutgers CAWP roster,Jonathan Chavez,0,Man — inferred (not on CAWP women roster),Solid D,0.969955,0.030045,0.969955,Win probabilities normalized from Kalshi D/R raw prices. Win probabilities normalized from Kalshi D/R raw prices.,https://en.wikipedia.org/wiki/2026_United_States_House_of_Representatives_elections,https://www.270towin.com/2026-house-election/cook-political-report-2026-house-ratings,https://cawp.rutgers.edu/facts/elections-and-appointments/women-candidates-2026,0
2026-09-27,House,GA-14,Georgia,Completed,Shawn Harris,0,Man — inferred (not on CAWP women roster),Clay Fuller,0,Man — inferred (not on CAWP women roster),Solid R,0.057143,0.942857,0.000000,Win probabilities normalized from Kalshi D/R raw prices. Win probabilities normalized from Kalshi D/R raw prices.,https://en.wikipedia.org/wiki/2026_United_States_House_of_Representatives_elections,https://www.270towin.com/2026-house-election/cook-political-report-2026-house-ratings,https://cawp.rutgers.edu/facts/elections-and-appointments/women-candidates-2026,0
2026-09-27,House,HI-1,Hawaii,Completed,Ed Case,0,Man — verified candidate,Adriel Lam,0,Man — verified candidate,Solid D,0.977556,0.022444,0.000000,Primary resolved; nominees updated from official results.,https://elections.hawaii.gov/wp-content/results/2026%20Primary/summary.txt,https://www.270towin.com/2026-house-election/cook-political-report-2026-house-ratings,https://cawp.rutgers.edu/facts/elections-and-appointments/women-candidates-2026,0
2026-09-27,House,HI-2,Hawaii,Completed,Jill Tokuda,1,Woman — verified candidate,Brenton Awa,0,Man — verified candidate,Solid D,0.978370,0.021630,0.978370,Primary resolved; nominees updated from official results.,https://elections.hawaii.gov/wp-content/results/2026%20Primary/summary.txt,https://www.270towin.com/2026-house-election/cook-political-report-2026-house-ratings,https://cawp.rutgers.edu/facts/elections-and-appointments/women-candidates-2026,0
2026-09-27,House,ID-1,Idaho,Completed,Kaylee Peterson,1,Woman — Rutgers CAWP roster,Russ Fulcher,0,Man — inferred (not on CAWP women roster),Solid R,0.044701,0.955299,0.044701,Win probabilities normalized from Kalshi D/R raw prices. Win probabilities normalized from Kalshi D/R raw prices.,https://en.wikipedia.org/wiki/2026_United_States_House_of_Representatives_elections,https://www.270towin.com/2026-house-election/cook-political-report-2026-house-ratings,https://cawp.rutgers.edu/facts/elections-and-appointments/women-candidates-2026,0
2026-09-27,House,ID-2,Idaho,Completed,Ellie Gilbreath,1,Woman — Rutgers CAWP roster,Mike Simpson,0,Man — inferred (not on CAWP women roster),Solid R,0.048028,0.951972,0.048028,Win probabilities normalized from Kalshi D/R raw prices. Win probabilities normalized from Kalshi D/R raw prices.,https://en.wikipedia.org/wiki/2026_United_States_House_of_Representatives_elections,https://www.270towin.com/2026-house-election/cook-political-report-2026-house-ratings,https://cawp.rutgers.edu/facts/elections-and-appointments/women-candidates-2026,0
2026-09-27,House,IL-1,Illinois,Completed,Jonathan Jackson,0,Man — inferred (not on CAWP women roster),Christian Maxwell,0,Man — inferred (not on CAWP women roster),Solid D,0.930070,0.069930,0.000000,Win probabilities normalized from Kalshi D/R raw prices. Win probabilities normalized from Kalshi D/R raw prices.,https://en.wikipedia.org/wiki/2026_United_States_House_of_Representatives_elections,https://www.270towin.com/2026-house-election/cook-political-report-2026-house-ratings,https://cawp.rutgers.edu/facts/elections-and-appointments/women-candidates-2026,0
2026-09-27,House,IL-2,Illinois,Completed,Donna Miller,1,Woman — Rutgers CAWP roster,Michael Noack,0,Man — inferred (not on CAWP women roster),Solid D,0.978381,0.021619,0.978381,Win probabilities normalized from Kalshi D/R raw prices. Win probabilities normalized from Kalshi D/R raw prices.,https://en.wikipedia.org/wiki/2026_United_States_House_of_Representatives_elections,https://www.270towin.com/2026-house-election/cook-political-report-2026-house-ratings,https://cawp.rutgers.edu/facts/elections-and-appointments/women-candidates-2026,0
2026-09-27,House,IL-3,Illinois,Completed,Delia Ramirez,1,Woman — Rutgers CAWP roster,Angel Oakley,1,Woman — Rutgers CAWP roster,Solid D,0.971859,0.028141,1.000000,Win probabilities normalized from Kalshi D/R raw prices. Win probabilities normalized from Kalshi D/R raw prices.,https://en.wikipedia.org/wiki/2026_United_States_House_of_Representatives_elections,https://www.270towin.com/2026-house-election/cook-political-report-2026-house-ratings,https://cawp.rutgers.edu/facts/elections-and-appointments/women-candidates-2026,0
2026-09-27,House,IL-4,Illinois,Completed,Patty Garcia,1,Woman — Rutgers CAWP roster,Lupe Castillo,1,Woman — Rutgers CAWP roster,Solid D,0.949721,0.050279,1.000000,Win probabilities normalized from Kalshi D/R raw prices. Win probabilities normalized from Kalshi D/R raw prices.,https://en.wikipedia.org/wiki/2026_United_States_House_of_Representatives_elections,https://www.270towin.com/2026-house-election/cook-political-report-2026-house-ratings,https://cawp.rutgers.edu/facts/elections-and-appointments/women-candidates-2026,0
2026-09-27,House,IL-5,Illinois,Completed,Mike Quigley,0,Man — inferred (not on CAWP women roster),Tommy Hanson,0,Man — inferred (not on CAWP women roster),Solid D,0.974987,0.025013,0.000000,Win probabilities normalized from Kalshi D/R raw prices. Win probabilities normalized from Kalshi D/R raw prices.,https://en.wikipedia.org/wiki/2026_United_States_House_of_Representatives_elections,https://www.270towin.com/2026-house-election/cook-political-report-2026-house-ratings,https://cawp.rutgers.edu/facts/elections-and-appointments/women-candidates-2026,0
2026-09-27,House,IL-6,Illinois,Completed,Sean Casten,0,Man — inferred (not on CAWP women roster),Niki Conforti,1,Woman — Rutgers CAWP roster,Solid D,0.972500,0.027500,0.027500,Win probabilities normalized from Kalshi D/R raw prices. Win probabilities normalized from Kalshi D/R raw prices.,https://en.wikipedia.org/wiki/2026_United_States_House_of_Representatives_elections,https://www.270towin.com/2026-house-election/cook-political-report-2026-house-ratings,https://cawp.rutgers.edu/facts/elections-and-appointments/women-candidates-2026,0
2026-09-27,House,IL-7,Illinois,Completed,La Shawn Ford,0,Man — inferred (not on CAWP women roster),Chad Koppie,0,Man — inferred (not on CAWP women roster),Solid D,0.976965,0.023035,0.000000,Win probabilities normalized from Kalshi D/R raw prices. Win probabilities normalized from Kalshi D/R raw prices.,https://en.wikipedia.org/wiki/2026_United_States_House_of_Representatives_elections,https://www.270towin.com/2026-house-election/cook-political-report-2026-house-ratings,https://cawp.rutgers.edu/facts/elections-and-appointments/women-candidates-2026,0
2026-09-27,House,IL-8,Illinois,Completed,Melissa Bean,1,Woman — Rutgers CAWP roster,Jennifer Davis,1,Woman — Rutgers CAWP roster,Solid D,0.937312,0.062688,1.000000,Win probabilities normalized from Kalshi D/R raw prices. Win probabilities normalized from Kalshi D/R raw prices.,https://en.wikipedia.org/wiki/2026_United_States_House_of_Representatives_elections,https://www.270towin.com/2026-house-election/cook-political-report-2026-house-ratings,https://cawp.rutgers.edu/facts/elections-and-appointments/women-candidates-2026,0
2026-09-27,House,IL-9,Illinois,Completed,Daniel Biss,0,Man — inferred (not on CAWP women roster),John Elleson,0,Man — inferred (not on CAWP women roster),Solid D,0.964771,0.035229,0.000000,Win probabilities normalized from Kalshi D/R raw prices. Win probabilities normalized from Kalshi D/R raw prices.,https://en.wikipedia.org/wiki/2026_United_States_House_of_Representatives_elections,https://www.270towin.com/2026-house-election/cook-political-report-2026-house-ratings,https://cawp.rutgers.edu/facts/elections-and-appointments/women-candidates-2026,0
2026-09-27,House,IL-10,Illinois,Completed,Brad Schneider,0,Man — inferred (not on CAWP women roster),Carl Lambrecht,0,Man — inferred (not on CAWP women roster),Solid D,0.969576,0.030424,0.000000,Win probabilities normalized from Kalshi D/R raw prices. Win probabilities normalized from Kalshi D/R raw prices.,https://en.wikipedia.org/wiki/2026_United_States_House_of_Representatives_elections,https://www.270towin.com/2026-house-election/cook-political-report-2026-house-ratings,https://cawp.rutgers.edu/facts/elections-and-appointments/women-candidates-2026,0
2026-09-27,House,IL-11,Illinois,Completed,Bill Foster,0,Man — inferred (not on CAWP women roster),Jeff Walter,0,Man — inferred (not on CAWP women roster),Solid D,0.950176,0.049824,0.000000,Win probabilities normalized from Kalshi D/R raw prices. Win probabilities normalized from Kalshi D/R raw prices.,https://en.wikipedia.org/wiki/2026_United_States_House_of_Representatives_elections,https://www.270towin.com/2026-house-election/cook-political-report-2026-house-ratings,https://cawp.rutgers.edu/facts/elections-and-appointments/women-candidates-2026,0
2026-09-27,House,IL-12,Illinois,Completed,Julie Fortier,1,Woman — Rutgers CAWP roster,Mike Bost,0,Man — inferred (not on CAWP women roster),Solid R,0.039659,0.960341,0.039659,Win probabilities normalized from Kalshi D/R raw prices. Win probabilities normalized from Kalshi D/R raw prices.,https://en.wikipedia.org/wiki/2026_United_States_House_of_Representatives_elections,https://www.270towin.com/2026-house-election/cook-political-report-2026-house-ratings,https://cawp.rutgers.edu/facts/elections-and-appointments/women-candidates-2026,0
2026-09-27,House,IL-13,Illinois,Completed,Nikki Budzinski,1,Woman — Rutgers CAWP roster,Jeff Wilson,0,Man — inferred (not on CAWP women roster),Solid D,0.963673,0.036327,0.963673,Win probabilities normalized from Kalshi D/R raw prices. Win probabilities normalized from Kalshi D/R raw prices.,https://en.wikipedia.org/wiki/2026_United_States_House_of_Representatives_elections,https://www.270towin.com/2026-house-election/cook-political-report-2026-house-ratings,https://cawp.rutgers.edu/facts/elections-and-appointments/women-candidates-2026,0
2026-09-27,House,IL-14,Illinois,Completed,Lauren Underwood,1,Woman — Rutgers CAWP roster,James Marter,0,Man — inferred (not on CAWP women roster),Solid D,0.961287,0.038713,0.961287,Win probabilities normalized from Kalshi D/R raw prices. Win probabilities normalized from Kalshi D/R raw prices.,https://en.wikipedia.org/wiki/2026_United_States_House_of_Representatives_elections,https://www.270towin.com/2026-house-election/cook-political-report-2026-house-ratings,https://cawp.rutgers.edu/facts/elections-and-appointments/women-candidates-2026,0
2026-09-27,House,IL-15,Illinois,Completed,Jennifer Todd,1,Woman — Rutgers CAWP roster,Mary Miller,1,Woman — Rutgers CAWP roster,Solid R,0.047047,0.952953,1.000000,Win probabilities normalized from Kalshi D/R raw prices. Win probabilities normalized from Kalshi D/R raw prices.,https://en.wikipedia.org/wiki/2026_United_States_House_of_Representatives_elections,https://www.270towin.com/2026-house-election/cook-political-report-2026-house-ratings,https://cawp.rutgers.edu/facts/elections-and-appointments/women-candidates-2026,0
2026-09-27,House,IL-16,Illinois,Completed,Paul Nolley,0,Man — inferred (not on CAWP women roster),Darin LaHood,0,Man — inferred (not on CAWP women roster),Solid R,0.020141,0.979859,0.000000,Win probabilities normalized from Kalshi D/R raw prices. Win probabilities normalized from Kalshi D/R raw prices.,https://en.wikipedia.org/wiki/2026_United_States_House_of_Representatives_elections,https://www.270towin.com/2026-house-election/cook-political-report-2026-house-ratings,https://cawp.rutgers.edu/facts/elections-and-appointments/women-candidates-2026,0
2026-08-22,House,IL-17,Illinois,Completed,Eric Sorensen,0,Man — inferred (not on CAWP women roster),Dillan Vancil,0,Man — inferred (not on CAWP women roster),Solid D,0.922604,0.077396,0.000000,Win probabilities normalized from Kalshi D/R raw prices. Win probabilities normalized from Kalshi D/R raw prices.,https://en.wikipedia.org/wiki/2026_United_States_House_of_Representatives_elections,https://www.270towin.com/2026-house-election/cook-political-report-2026-house-ratings,https://cawp.rutgers.edu/facts/elections-and-appointments/women-candidates-2026,0
2026-08-22,House,IN-1,Indiana,Completed,Frank Mrvan,0,Man — inferred (not on CAWP women roster),Barb Regnitz,1,Woman — Rutgers CAWP roster,Likely D,0.914573,0.085427,0.085427,Win probabilities normalized from Kalshi D/R raw prices. Win probabilities normalized from Kalshi D/R raw prices.,https://en.wikipedia.org/wiki/2026_United_States_House_of_Representatives_elections,https://www.270towin.com/2026-house-election/cook-political-report-2026-house-ratings,https://cawp.rutgers.edu/facts/elections-and-appointments/women-candidates-2026,0
2026-09-27,House,IN-2,Indiana,Completed,Jamee Decio,1,Woman — Rutgers CAWP roster,Rudy Yakym,0,Man — inferred (not on CAWP women roster),Solid R,0.027314,0.972686,0.027314,Win probabilities normalized from Kalshi D/R raw prices. Win probabilities normalized from Kalshi D/R raw prices.,https://en.wikipedia.org/wiki/2026_United_States_House_of_Representatives_elections,https://www.270towin.com/2026-house-election/cook-political-report-2026-house-ratings,https://cawp.rutgers.edu/facts/elections-and-appointments/women-candidates-2026,0
2026-09-27,House,IN-3,Indiana,Completed,Kelly Thompson,1,Woman — Rutgers CAWP roster,Marlin Stutzman,0,Man — inferred (not on CAWP women roster),Solid R,0.048452,0.951548,0.048452,Win probabilities normalized from Kalshi D/R raw prices. Win probabilities normalized from Kalshi D/R raw prices.,https://en.wikipedia.org/wiki/2026_United_States_House_of_Representatives_elections,https://www.270towin.com/2026-house-election/cook-political-report-2026-house-ratings,https://cawp.rutgers.edu/facts/elections-and-appointments/women-candidates-2026,0
2026-09-27,House,IN-4,Indiana,Completed,Drew Cox,0,Man — inferred (not on CAWP women roster),Jim Baird,0,Man — inferred (not on CAWP women roster),Solid R,0.059030,0.940970,0.000000,Win probabilities normalized from Kalshi D/R raw prices. Win probabilities normalized from Kalshi D/R raw prices.,https://en.wikipedia.org/wiki/2026_United_States_House_of_Representatives_elections,https://www.270towin.com/2026-house-election/cook-political-report-2026-house-ratings,https://cawp.rutgers.edu/facts/elections-and-appointments/women-candidates-2026,0
2026-09-27,House,IN-5,Indiana,Completed,J.D. Ford,0,Man — inferred (not on CAWP women roster),Victoria Spartz,1,Woman — Rutgers CAWP roster,Solid R,0.160000,0.840000,0.840000,Win probabilities normalized from Kalshi D/R raw prices. Win probabilities normalized from Kalshi D/R raw prices.,https://en.wikipedia.org/wiki/2026_United_States_House_of_Representatives_elections,https://www.270towin.com/2026-house-election/cook-political-report-2026-house-ratings,https://cawp.rutgers.edu/facts/elections-and-appointments/women-candidates-2026,0
2026-09-27,House,IN-6,Indiana,Completed,Cinde Wirth,1,Woman — Rutgers CAWP roster,Jefferson Shreve,0,Man — inferred (not on CAWP women roster),Solid R,0.046743,0.953257,0.046743,Win probabilities normalized from Kalshi D/R raw prices. Win probabilities normalized from Kalshi D/R raw prices.,https://en.wikipedia.org/wiki/2026_United_States_House_of_Representatives_elections,https://www.270towin.com/2026-house-election/cook-political-report-2026-house-ratings,https://cawp.rutgers.edu/facts/elections-and-appointments/women-candidates-2026,0
2026-08-20,House,IN-7,Indiana,Completed,André Carson,0,Man — inferred (not on CAWP women roster),Patrick McAuley,0,Man — inferred (not on CAWP women roster),Solid D,1,0,0,,https://en.wikipedia.org/wiki/2026_United_States_House_of_Representatives_elections,https://www.270towin.com/2026-house-election/cook-political-report-2026-house-ratings,https://cawp.rutgers.edu/facts/elections-and-appointments/women-candidates-2026,0
2026-09-27,House,IN-8,Indiana,Completed,Mary Allen,1,Woman — Rutgers CAWP roster,Mark Messmer,0,Man — inferred (not on CAWP women roster),Solid R,0.043984,0.956016,0.043984,Win probabilities normalized from Kalshi D/R raw prices. Win probabilities normalized from Kalshi D/R raw prices.,https://en.wikipedia.org/wiki/2026_United_States_House_of_Representatives_elections,https://www.270towin.com/2026-house-election/cook-political-report-2026-house-ratings,https://cawp.rutgers.edu/facts/elections-and-appointments/women-candidates-2026,0
2026-09-27,House,IN-9,Indiana,Completed,Brad Meyer,0,Man — inferred (not on CAWP women roster),Erin Houchin,1,Woman — Rutgers CAWP roster,Solid R,0.052165,0.947835,0.947835,Win probabilities normalized from Kalshi D/R raw prices. Win probabilities normalized from Kalshi D/R raw prices.,https://en.wikipedia.org/wiki/2026_United_States_House_of_Representatives_elections,https://www.270towin.com/2026-house-election/cook-political-report-2026-house-ratings,https://cawp.rutgers.edu/facts/elections-and-appointments/women-candidates-2026,0
2026-08-22,House,IA-1,Iowa,Completed,Christina Bohannan,1,Woman — Rutgers CAWP roster,Mariannette Miller-Meeks,1,Woman — Rutgers CAWP roster,Toss-up,0.760000,0.240000,1.000000,Win probabilities normalized from Kalshi D/R raw prices. Win probabilities normalized from Kalshi D/R raw prices.,https://en.wikipedia.org/wiki/2026_United_States_House_of_Representatives_elections,https://www.270towin.com/2026-house-election/cook-political-report-2026-house-ratings,https://cawp.rutgers.edu/facts/elections-and-appointments/women-candidates-2026,0
2026-09-27,House,IA-2,Iowa,Completed,Lindsay James,1,Woman — Rutgers CAWP roster,Joe Mitchell,0,Man — inferred (not on CAWP women roster),Lean R,0.546798,0.453202,0.546798,Win probabilities normalized from Kalshi D/R raw prices. Win probabilities normalized from Kalshi D/R raw prices.,https://en.wikipedia.org/wiki/2026_United_States_House_of_Representatives_elections,https://www.270towin.com/2026-house-election/cook-political-report-2026-house-ratings,https://cawp.rutgers.edu/facts/elections-and-appointments/women-candidates-2026,0
2026-08-22,House,IA-3,Iowa,Completed,Sarah Trone Garriott,1,Woman — Rutgers CAWP roster,Zach Nunn,0,Man — inferred (not on CAWP women roster),Toss-up,0.798030,0.201970,0.798030,Win probabilities normalized from Kalshi D/R raw prices. Win probabilities normalized from Kalshi D/R raw prices.,https://en.wikipedia.org/wiki/2026_United_States_House_of_Representatives_elections,https://www.270towin.com/2026-house-election/cook-political-report-2026-house-ratings,https://cawp.rutgers.edu/facts/elections-and-appointments/women-candidates-2026,0
2026-09-27,House,IA-4,Iowa,Completed,David Dawson,0,Man — inferred (not on CAWP women roster),Chris McGowan,0,Man — inferred (not on CAWP women roster),Solid R,0.048436,0.951564,0.000000,Win probabilities normalized from Kalshi D/R raw prices. Win probabilities normalized from Kalshi D/R raw prices.,https://en.wikipedia.org/wiki/2026_United_States_House_of_Representatives_elections,https://www.270towin.com/2026-house-election/cook-political-report-2026-house-ratings,https://cawp.rutgers.edu/facts/elections-and-appointments/women-candidates-2026,0
2026-09-27,House,KS-1,Kansas,Completed,Lauren Reinhold,1,Woman — Rutgers CAWP roster,Tracey Mann,0,Man — inferred (not on CAWP women roster),Solid R,0.059619,0.940381,0.059619,Win probabilities normalized from Kalshi D/R raw prices. Win probabilities normalized from Kalshi D/R raw prices.,https://en.wikipedia.org/wiki/2026_United_States_House_of_Representatives_elections,https://www.270towin.com/2026-house-election/cook-political-report-2026-house-ratings,https://cawp.rutgers.edu/facts/elections-and-appointments/women-candidates-2026,0
2026-09-27,House,KS-2,Kansas,Completed,Don Coover,0,Man — inferred (not on CAWP women roster),Derek Schmidt,0,Man — inferred (not on CAWP women roster),Solid R,0.133333,0.866667,0.000000,Win probabilities normalized from Kalshi D/R raw prices. Win probabilities normalized from Kalshi D/R raw prices.,https://en.wikipedia.org/wiki/2026_United_States_House_of_Representatives_elections,https://www.270towin.com/2026-house-election/cook-political-report-2026-house-ratings,https://cawp.rutgers.edu/facts/elections-and-appointments/women-candidates-2026,0
2026-09-27,House,KS-3,Kansas,Completed,Sharice Davids,1,Woman — Rutgers CAWP roster,Eric Jenkins,0,Man — inferred (not on CAWP women roster),Solid D,0.937313,0.062687,0.937313,Win probabilities normalized from Kalshi D/R raw prices. Win probabilities normalized from Kalshi D/R raw prices.,https://en.wikipedia.org/wiki/2026_United_States_House_of_Representatives_elections,https://www.270towin.com/2026-house-election/cook-political-report-2026-house-ratings,https://cawp.rutgers.edu/facts/elections-and-appointments/women-candidates-2026,0
2026-09-27,House,KS-4,Kansas,Completed,Katy Tyndell,1,Woman — Rutgers CAWP roster,Ron Estes,0,Man — inferred (not on CAWP women roster),Solid R,0.052974,0.947026,0.052974,Win probabilities normalized from Kalshi D/R raw prices. Win probabilities normalized from Kalshi D/R raw prices.,https://en.wikipedia.org/wiki/2026_United_States_House_of_Representatives_elections,https://www.270towin.com/2026-house-election/cook-political-report-2026-house-ratings,https://cawp.rutgers.edu/facts/elections-and-appointments/women-candidates-2026,0
2026-09-27,House,KY-1,Kentucky,Completed,Drew Williams,0,Man — inferred (not on CAWP women roster),James Comer,0,Man — inferred (not on CAWP women roster),Solid R,0.045570,0.954430,0.000000,Win probabilities normalized from Kalshi D/R raw prices. Win probabilities normalized from Kalshi D/R raw prices.,https://en.wikipedia.org/wiki/2026_United_States_House_of_Representatives_elections,https://www.270towin.com/2026-house-election/cook-political-report-2026-house-ratings,https://cawp.rutgers.edu/facts/elections-and-appointments/women-candidates-2026,0
2026-09-27,House,KY-2,Kentucky,Completed,Megan Wingfield,1,Woman — Rutgers CAWP roster,Brett Guthrie,0,Man — inferred (not on CAWP women roster),Solid R,0.053447,0.946553,0.053447,Win probabilities normalized from Kalshi D/R raw prices. Win probabilities normalized from Kalshi D/R raw prices.,https://en.wikipedia.org/wiki/2026_United_States_House_of_Representatives_elections,https://www.270towin.com/2026-house-election/cook-political-report-2026-house-ratings,https://cawp.rutgers.edu/facts/elections-and-appointments/women-candidates-2026,0
2026-09-27,House,KY-3,Kentucky,Completed,Morgan McGarvey,0,Man — inferred (not on CAWP women roster),Maria Rodriguez,1,Woman — Rutgers CAWP roster,Solid D,0.957043,0.042957,0.042957,Win probabilities normalized from Kalshi D/R raw prices. Win probabilities normalized from Kalshi D/R raw prices.,https://en.wikipedia.org/wiki/2026_United_States_House_of_Representatives_elections,https://www.270towin.com/2026-house-election/cook-political-report-2026-house-ratings,https://cawp.rutgers.edu/facts/elections-and-appointments/women-candidates-2026,0
2026-09-27,House,KY-4,Kentucky,Completed,Melissa Strange,1,Woman — Rutgers CAWP roster,Ed Gallrein,0,Man — inferred (not on CAWP women roster),Solid R,0.035276,0.964724,0.035276,Win probabilities normalized from Kalshi D/R raw prices. Win probabilities normalized from Kalshi D/R raw prices.,https://en.wikipedia.org/wiki/2026_United_States_House_of_Representatives_elections,https://www.270towin.com/2026-house-election/cook-political-report-2026-house-ratings,https://cawp.rutgers.edu/facts/elections-and-appointments/women-candidates-2026,0
2026-09-27,House,KY-5,Kentucky,Completed,Ned Pillersdorf,0,Man — inferred (not on CAWP women roster),Hal Rogers,0,Man — inferred (not on CAWP women roster),Solid R,0.028993,0.971007,0.000000,Win probabilities normalized from Kalshi D/R raw prices. Win probabilities normalized from Kalshi D/R raw prices.,https://en.wikipedia.org/wiki/2026_United_States_House_of_Representatives_elections,https://www.270towin.com/2026-house-election/cook-political-report-2026-house-ratings,https://cawp.rutgers.edu/facts/elections-and-appointments/women-candidates-2026,0
2026-09-27,House,KY-6,Kentucky,Completed,Zach Dembo,0,Man — inferred (not on CAWP women roster),Ralph Alvarado,0,Man — inferred (not on CAWP women roster),Likely R,0.241379,0.758621,0.000000,Win probabilities normalized from Kalshi D/R raw prices. Win probabilities normalized from Kalshi D/R raw prices.,https://en.wikipedia.org/wiki/2026_United_States_House_of_Representatives_elections,https://www.270towin.com/2026-house-election/cook-political-report-2026-house-ratings,https://cawp.rutgers.edu/facts/elections-and-appointments/women-candidates-2026,0
2026-09-27,House,LA-1,Louisiana,Future primary (Nov. 3 open primary),Unknown,0,Unknown candidate → 0,Steve Scalise,0,Man — inferred (not on CAWP women roster),Solid R,0.031584,0.968416,0.000000,Incumbent running; other party unknown Win probabilities normalized from Kalshi D/R raw prices. Female EV remains 0 pending valid candidate-winner markets for the jungle primary. Win probabilities normalized from Kalshi D/R raw prices. Female EV remains 0 pending valid candidate-winner markets for the jungle primary.,https://en.wikipedia.org/wiki/2026_United_States_House_of_Representatives_elections,https://www.270towin.com/2026-house-election/cook-political-report-2026-house-ratings,https://cawp.rutgers.edu/facts/elections-and-appointments/women-candidates-2026,0
2026-09-27,House,LA-2,Louisiana,Future primary (Nov. 3 open primary),Troy Carter,0,Man — inferred (not on CAWP women roster),Unknown,0,Unknown candidate → 0,Solid D,0.993868,0.006132,0.000000,Incumbent running; other party unknown Win probabilities normalized from Kalshi D/R raw prices. Female EV remains 0 pending valid candidate-winner markets for the jungle primary. Win probabilities normalized from Kalshi D/R raw prices. Female EV remains 0 pending valid candidate-winner markets for the jungle primary.,https://en.wikipedia.org/wiki/2026_United_States_House_of_Representatives_elections,https://www.270towin.com/2026-house-election/cook-political-report-2026-house-ratings,https://cawp.rutgers.edu/facts/elections-and-appointments/women-candidates-2026,0
2026-09-27,House,LA-3,Louisiana,Future primary (Nov. 3 open primary),Unknown,0,Unknown candidate → 0,Clay Higgins,0,Man — inferred (not on CAWP women roster),Solid R,0.043609,0.956391,0.000000,Incumbent running; other party unknown Win probabilities normalized from Kalshi D/R raw prices. Female EV remains 0 pending valid candidate-winner markets for the jungle primary. Win probabilities normalized from Kalshi D/R raw prices. Female EV remains 0 pending valid candidate-winner markets for the jungle primary.,https://en.wikipedia.org/wiki/2026_United_States_House_of_Representatives_elections,https://www.270towin.com/2026-house-election/cook-political-report-2026-house-ratings,https://cawp.rutgers.edu/facts/elections-and-appointments/women-candidates-2026,0
2026-09-27,House,LA-4,Louisiana,Future primary (Nov. 3 open primary),Unknown,0,Unknown candidate → 0,Mike Johnson,0,Man — inferred (not on CAWP women roster),Solid R,0.026687,0.973313,0.000000,Incumbent running; other party unknown Win probabilities normalized from Kalshi D/R raw prices. Female EV remains 0 pending valid candidate-winner markets for the jungle primary. Win probabilities normalized from Kalshi D/R raw prices. Female EV remains 0 pending valid candidate-winner markets for the jungle primary.,https://en.wikipedia.org/wiki/2026_United_States_House_of_Representatives_elections,https://www.270towin.com/2026-house-election/cook-political-report-2026-house-ratings,https://cawp.rutgers.edu/facts/elections-and-appointments/women-candidates-2026,0
2026-09-27,House,LA-5,Louisiana,Future primary (Nov. 3 open primary),Unknown,0,Unknown candidate → 0,Unknown,0,Unknown candidate → 0,Solid R,0.039295,0.960705,0.000000,Incumbent retiring Win probabilities normalized from Kalshi D/R raw prices. Female EV remains 0 pending valid candidate-winner markets for the jungle primary. Win probabilities normalized from Kalshi D/R raw prices. Female EV remains 0 pending valid candidate-winner markets for the jungle primary.,https://en.wikipedia.org/wiki/2026_United_States_House_of_Representatives_elections,https://www.270towin.com/2026-house-election/cook-political-report-2026-house-ratings,https://cawp.rutgers.edu/facts/elections-and-appointments/women-candidates-2026,0
2026-09-27,House,LA-6,Louisiana,Future primary (Nov. 3 open primary),Unknown,0,Unknown candidate → 0,Unknown,0,Unknown candidate → 0,Solid R,0.045802,0.954198,0.000000,Incumbent retiring Win probabilities normalized from Kalshi D/R raw prices. Female EV remains 0 pending valid candidate-winner markets for the jungle primary. Win probabilities normalized from Kalshi D/R raw prices. Female EV remains 0 pending valid candidate-winner markets for the jungle primary.,https://en.wikipedia.org/wiki/2026_United_States_House_of_Representatives_elections,https://www.270towin.com/2026-house-election/cook-political-report-2026-house-ratings,https://cawp.rutgers.edu/facts/elections-and-appointments/women-candidates-2026,0
2026-09-27,House,ME-1,Maine,Completed,Chellie Pingree,1,Woman — Rutgers CAWP roster,Ronald Russell,0,Man — inferred (not on CAWP women roster),Solid D,0.978228,0.021772,0.978228,Win probabilities normalized from Kalshi D/R raw prices. Win probabilities normalized from Kalshi D/R raw prices.,https://en.wikipedia.org/wiki/2026_United_States_House_of_Representatives_elections,https://www.270towin.com/2026-house-election/cook-political-report-2026-house-ratings,https://cawp.rutgers.edu/facts/elections-and-appointments/women-candidates-2026,0
2026-08-22,House,ME-2,Maine,Completed,Matthew Dunlap,0,Man — inferred (not on CAWP women roster),Paul LePage,0,Man — inferred (not on CAWP women roster),Likely R,0.375661,0.624339,0.000000,Win probabilities normalized from Kalshi D/R raw prices. Win probabilities normalized from Kalshi D/R raw prices.,https://en.wikipedia.org/wiki/2026_United_States_House_of_Representatives_elections,https://www.270towin.com/2026-house-election/cook-political-report-2026-house-ratings,https://cawp.rutgers.edu/facts/elections-and-appointments/women-candidates-2026,0
2026-09-27,House,MD-1,Maryland,Completed,Dan Schwartz,0,Man — inferred (not on CAWP women roster),Andy Harris,0,Man — inferred (not on CAWP women roster),Solid R,0.100299,0.899701,0.000000,Win probabilities normalized from Kalshi D/R raw prices. Win probabilities normalized from Kalshi D/R raw prices.,https://en.wikipedia.org/wiki/2026_United_States_House_of_Representatives_elections,https://www.270towin.com/2026-house-election/cook-political-report-2026-house-ratings,https://cawp.rutgers.edu/facts/elections-and-appointments/women-candidates-2026,0
2026-09-27,House,MD-2,Maryland,Completed,Johnny Olszewski,0,Man — inferred (not on CAWP women roster),Dave Wallace,0,Man — inferred (not on CAWP women roster),Solid D,0.965483,0.034517,0.000000,Win probabilities normalized from Kalshi D/R raw prices. Win probabilities normalized from Kalshi D/R raw prices.,https://en.wikipedia.org/wiki/2026_United_States_House_of_Representatives_elections,https://www.270towin.com/2026-house-election/cook-political-report-2026-house-ratings,https://cawp.rutgers.edu/facts/elections-and-appointments/women-candidates-2026,0
2026-09-27,House,MD-3,Maryland,Completed,Sarah Elfreth,1,Woman — Rutgers CAWP roster,Berney Flowers,0,Man — inferred (not on CAWP women roster),Solid D,0.954982,0.045018,0.954982,Win probabilities normalized from Kalshi D/R raw prices. Win probabilities normalized from Kalshi D/R raw prices.,https://en.wikipedia.org/wiki/2026_United_States_House_of_Representatives_elections,https://www.270towin.com/2026-house-election/cook-political-report-2026-house-ratings,https://cawp.rutgers.edu/facts/elections-and-appointments/women-candidates-2026,0
2026-09-27,House,MD-4,Maryland,Completed,Glenn Ivey,0,Man — inferred (not on CAWP women roster),George McDermott,0,Man — inferred (not on CAWP women roster),Solid D,0.982863,0.017137,0.000000,Win probabilities normalized from Kalshi D/R raw prices. Win probabilities normalized from Kalshi D/R raw prices.,https://en.wikipedia.org/wiki/2026_United_States_House_of_Representatives_elections,https://www.270towin.com/2026-house-election/cook-political-report-2026-house-ratings,https://cawp.rutgers.edu/facts/elections-and-appointments/women-candidates-2026,0
2026-09-27,House,MD-5,Maryland,Completed,Adrian Boafo,0,Man — inferred (not on CAWP women roster),Chris Chaffee,0,Man — inferred (not on CAWP women roster),Solid D,0.968214,0.031786,0.000000,Win probabilities normalized from Kalshi D/R raw prices. Win probabilities normalized from Kalshi D/R raw prices.,https://en.wikipedia.org/wiki/2026_United_States_House_of_Representatives_elections,https://www.270towin.com/2026-house-election/cook-political-report-2026-house-ratings,https://cawp.rutgers.edu/facts/elections-and-appointments/women-candidates-2026,0
2026-09-27,House,MD-6,Maryland,Completed,April McClain Delaney,1,Woman — Rutgers CAWP roster,Robin Ficker,0,Man — inferred (not on CAWP women roster),Solid D,0.944134,0.055866,0.944134,Win probabilities normalized from Kalshi D/R raw prices. Win probabilities normalized from Kalshi D/R raw prices.,https://en.wikipedia.org/wiki/2026_United_States_House_of_Representatives_elections,https://www.270towin.com/2026-house-election/cook-political-report-2026-house-ratings,https://cawp.rutgers.edu/facts/elections-and-appointments/women-candidates-2026,0
2026-09-27,House,MD-7,Maryland,Completed,Kweisi Mfume,0,Man — inferred (not on CAWP women roster),Scott Collier,0,Man — inferred (not on CAWP women roster),Solid D,0.972959,0.027041,0.000000,Win probabilities normalized from Kalshi D/R raw prices. Win probabilities normalized from Kalshi D/R raw prices.,https://en.wikipedia.org/wiki/2026_United_States_House_of_Representatives_elections,https://www.270towin.com/2026-house-election/cook-political-report-2026-house-ratings,https://cawp.rutgers.edu/facts/elections-and-appointments/women-candidates-2026,0
2026-09-27,House,MD-8,Maryland,Completed,Jamie Raskin,0,Man — inferred (not on CAWP women roster),Cheryl Riley,1,Woman — Rutgers CAWP roster,Solid D,0.975397,0.024603,0.024603,Win probabilities normalized from Kalshi D/R raw prices. Win probabilities normalized from Kalshi D/R raw prices.,https://en.wikipedia.org/wiki/2026_United_States_House_of_Representatives_elections,https://www.270towin.com/2026-house-election/cook-political-report-2026-house-ratings,https://cawp.rutgers.edu/facts/elections-and-appointments/women-candidates-2026,0
2026-09-27,House,MA-1,Massachusetts,Completed,Richard Neal,0,Man — inferred (not on CAWP women roster),None/Minor,0,No Republican nominee,Solid D,0.960500,0.039500,0.000000,No Republican nominee; Democratic primary resolved.,https://www.foxnews.com/elections/2026/primary-results,https://www.270towin.com/2026-house-election/cook-political-report-2026-house-ratings,https://cawp.rutgers.edu/facts/elections-and-appointments/women-candidates-2026,0
2026-09-27,House,MA-2,Massachusetts,Completed,Jim McGovern,0,Man — inferred (not on CAWP women roster),None/Minor,0,No Republican nominee,Solid D,0.967823,0.032177,0.000000,No Republican nominee; Democratic nominee was unopposed.,https://www.foxnews.com/elections/2026/primary-results,https://www.270towin.com/2026-house-election/cook-political-report-2026-house-ratings,https://cawp.rutgers.edu/facts/elections-and-appointments/women-candidates-2026,0
2026-09-27,House,MA-3,Massachusetts,Completed,Lori Trahan,1,Woman — Rutgers CAWP roster,Gary Grossi,0,Man — inferred (not on CAWP women roster),Solid D,0.967451,0.032549,0.967451,Primary resolved; both nominees were unopposed.,https://www.foxnews.com/elections/2026/primary-results,https://www.270towin.com/2026-house-election/cook-political-report-2026-house-ratings,https://cawp.rutgers.edu/facts/elections-and-appointments/women-candidates-2026,0
2026-09-27,House,MA-4,Massachusetts,Completed,Jake Auchincloss,0,Man — inferred (not on CAWP women roster),Thomas Stalcup,0,Man — inferred (not on CAWP women roster),Solid D,0.971386,0.028614,0.000000,Primary resolved; nominees updated from AP results.,https://www.foxnews.com/elections/2026/primary-results,https://www.270towin.com/2026-house-election/cook-political-report-2026-house-ratings,https://cawp.rutgers.edu/facts/elections-and-appointments/women-candidates-2026,0
2026-09-27,House,MA-5,Massachusetts,Completed,Katherine Clark,1,Woman — Rutgers CAWP roster,None/Minor,0,No Republican nominee,Solid D,0.995438,0.004562,0.995438,No Republican nominee; Democratic primary resolved.,https://www.foxnews.com/elections/2026/primary-results,https://www.270towin.com/2026-house-election/cook-political-report-2026-house-ratings,https://cawp.rutgers.edu/facts/elections-and-appointments/women-candidates-2026,0
2026-09-27,House,MA-6,Massachusetts,Completed,Dan Koh,0,Man — verified candidate,Micah Quinney Jones,0,Man — verified candidate,Solid D,0.961268,0.038732,0.000000,Open-seat primary resolved; nominees updated from AP results.,https://www.wgbh.org/news/politics/2026-09-01/dan-koh-wins-primary-for-6th-congressional-district-to-replace-seth-moulton-ap-projects,https://www.270towin.com/2026-house-election/cook-political-report-2026-house-ratings,https://cawp.rutgers.edu/facts/elections-and-appointments/women-candidates-2026,0
2026-09-27,House,MA-7,Massachusetts,Completed,Ayanna Pressley,1,Woman — Rutgers CAWP roster,None/Minor,0,No Republican nominee,Solid D,0.993909,0.006091,0.993909,No Republican nominee; Democratic nominee was unopposed.,https://www.foxnews.com/elections/2026/primary-results,https://www.270towin.com/2026-house-election/cook-political-report-2026-house-ratings,https://cawp.rutgers.edu/facts/elections-and-appointments/women-candidates-2026,0
2026-09-27,House,MA-8,Massachusetts,Completed,Stephen Lynch,0,Man — inferred (not on CAWP women roster),Robert Burke,0,Man — inferred (not on CAWP women roster),Solid D,0.970559,0.029441,0.000000,Primary resolved; nominees updated from AP results.,https://www.foxnews.com/elections/2026/primary-results,https://www.270towin.com/2026-house-election/cook-political-report-2026-house-ratings,https://cawp.rutgers.edu/facts/elections-and-appointments/women-candidates-2026,0
2026-09-27,House,MA-9,Massachusetts,Completed,Bill Keating,0,Man — inferred (not on CAWP women roster),R. Tyler MacAllister,0,Man — inferred (not on CAWP women roster),Solid D,0.933065,0.066935,0.000000,Primary resolved; nominees updated from AP results.,https://www.foxnews.com/elections/2026/primary-results,https://www.270towin.com/2026-house-election/cook-political-report-2026-house-ratings,https://cawp.rutgers.edu/facts/elections-and-appointments/women-candidates-2026,0
2026-09-27,House,MI-1,Michigan,Completed,Callie Barr,1,Woman — Rutgers CAWP roster,Jack Bergman,0,Man — inferred (not on CAWP women roster),Solid R,0.077616,0.922384,0.077616,Win probabilities normalized from Kalshi D/R raw prices. Win probabilities normalized from Kalshi D/R raw prices.,https://ballotpedia.org/United_States_House_of_Representatives_elections_in_Michigan%2C_2026,https://www.270towin.com/2026-house-election/cook-political-report-2026-house-ratings,https://cawp.rutgers.edu/facts/elections-and-appointments/women-candidates-2026,0
2026-09-27,House,MI-2,Michigan,Completed,Ben Ambrose,0,Man — inferred (not on CAWP women roster),John Moolenaar,0,Man — inferred (not on CAWP women roster),Solid R,0.018810,0.981190,0.000000,Win probabilities normalized from Kalshi D/R raw prices. Win probabilities normalized from Kalshi D/R raw prices.,https://ballotpedia.org/United_States_House_of_Representatives_elections_in_Michigan%2C_2026,https://www.270towin.com/2026-house-election/cook-political-report-2026-house-ratings,https://cawp.rutgers.edu/facts/elections-and-appointments/women-candidates-2026,0
2026-08-22,House,MI-3,Michigan,Completed,Hillary Scholten,1,Woman — Rutgers CAWP roster,Terri DeBoer,1,Woman — Rutgers CAWP roster,Solid D,0.948474,0.051526,1.000000,Win probabilities normalized from Kalshi D/R raw prices. Win probabilities normalized from Kalshi D/R raw prices.,https://ballotpedia.org/United_States_House_of_Representatives_elections_in_Michigan%2C_2026,https://www.270towin.com/2026-house-election/cook-political-report-2026-house-ratings,https://cawp.rutgers.edu/facts/elections-and-appointments/women-candidates-2026,0
2026-08-22,House,MI-4,Michigan,Completed,Sean McCann,0,Man — inferred (not on CAWP women roster),Bill Huizenga,0,Man — inferred (not on CAWP women roster),Lean R,0.482051,0.517949,0.000000,Win probabilities normalized from Kalshi D/R raw prices. Win probabilities normalized from Kalshi D/R raw prices.,https://ballotpedia.org/United_States_House_of_Representatives_elections_in_Michigan%2C_2026,https://www.270towin.com/2026-house-election/cook-political-report-2026-house-ratings,https://cawp.rutgers.edu/facts/elections-and-appointments/women-candidates-2026,0
2026-09-27,House,MI-5,Michigan,Completed,Christian Vukasovich,0,Man — inferred (not on CAWP women roster),Tim Walberg,0,Man — inferred (not on CAWP women roster),Solid R,0.071715,0.928285,0.000000,Win probabilities normalized from Kalshi D/R raw prices. Win probabilities normalized from Kalshi D/R raw prices.,https://ballotpedia.org/United_States_House_of_Representatives_elections_in_Michigan%2C_2026,https://www.270towin.com/2026-house-election/cook-political-report-2026-house-ratings,https://cawp.rutgers.edu/facts/elections-and-appointments/women-candidates-2026,0
2026-09-27,House,MI-6,Michigan,Completed,Debbie Dingell,1,Woman — Rutgers CAWP roster,Heather Smiley,1,Woman — Rutgers CAWP roster,Solid D,0.973219,0.026781,1.000000,Win probabilities normalized from Kalshi D/R raw prices. Win probabilities normalized from Kalshi D/R raw prices.,https://ballotpedia.org/United_States_House_of_Representatives_elections_in_Michigan%2C_2026,https://www.270towin.com/2026-house-election/cook-political-report-2026-house-ratings,https://cawp.rutgers.edu/facts/elections-and-appointments/women-candidates-2026,0
2026-08-22,House,MI-7,Michigan,Completed,William Lawrence,0,Man — inferred (not on CAWP women roster),Tom Barrett,0,Man — inferred (not on CAWP women roster),Toss-up,0.625000,0.375000,0.000000,Win probabilities normalized from Kalshi D/R raw prices. Win probabilities normalized from Kalshi D/R raw prices.,https://ballotpedia.org/United_States_House_of_Representatives_elections_in_Michigan%2C_2026,https://www.270towin.com/2026-house-election/cook-political-report-2026-house-ratings,https://cawp.rutgers.edu/facts/elections-and-appointments/women-candidates-2026,0
2026-08-22,House,MI-8,Michigan,Completed,Kristen McDonald Rivet,1,Woman — Rutgers CAWP roster,Thomas Smith,0,Man — inferred (not on CAWP women roster),Likely D,0.951783,0.048217,0.951783,Win probabilities normalized from Kalshi D/R raw prices. Win probabilities normalized from Kalshi D/R raw prices.,https://ballotpedia.org/United_States_House_of_Representatives_elections_in_Michigan%2C_2026,https://www.270towin.com/2026-house-election/cook-political-report-2026-house-ratings,https://cawp.rutgers.edu/facts/elections-and-appointments/women-candidates-2026,0
2026-09-27,House,MI-9,Michigan,Completed,Ray Pooley,0,Man — inferred (not on CAWP women roster),Lisa McClain,1,Woman — Rutgers CAWP roster,Solid R,0.057086,0.942914,0.942914,Win probabilities normalized from Kalshi D/R raw prices. Win probabilities normalized from Kalshi D/R raw prices.,https://ballotpedia.org/United_States_House_of_Representatives_elections_in_Michigan%2C_2026,https://www.270towin.com/2026-house-election/cook-political-report-2026-house-ratings,https://cawp.rutgers.edu/facts/elections-and-appointments/women-candidates-2026,0
2026-08-22,House,MI-10,Michigan,Completed,Christina Hines,1,Woman — Rutgers CAWP roster,Mike Bouchard,0,Man — inferred (not on CAWP women roster),Toss-up,0.668342,0.331658,0.668342,Win probabilities normalized from Kalshi D/R raw prices. Win probabilities normalized from Kalshi D/R raw prices.,https://ballotpedia.org/United_States_House_of_Representatives_elections_in_Michigan%2C_2026,https://www.270towin.com/2026-house-election/cook-political-report-2026-house-ratings,https://cawp.rutgers.edu/facts/elections-and-appointments/women-candidates-2026,0
2026-09-27,House,MI-11,Michigan,Completed,Jeremy Moss,0,Man — inferred (not on CAWP women roster),Ethan Baker,0,Man — inferred (not on CAWP women roster),Solid D,0.968544,0.031456,0.000000,Win probabilities normalized from Kalshi D/R raw prices. Win probabilities normalized from Kalshi D/R raw prices.,https://ballotpedia.org/United_States_House_of_Representatives_elections_in_Michigan%2C_2026,https://www.270towin.com/2026-house-election/cook-political-report-2026-house-ratings,https://cawp.rutgers.edu/facts/elections-and-appointments/women-candidates-2026,0
2026-09-27,House,MI-12,Michigan,Completed,Rashida Tlaib,1,Woman — Rutgers CAWP roster,James Hooper,0,Man — inferred (not on CAWP women roster),Solid D,0.983375,0.016625,0.983375,Win probabilities normalized from Kalshi D/R raw prices. Win probabilities normalized from Kalshi D/R raw prices.,https://ballotpedia.org/United_States_House_of_Representatives_elections_in_Michigan%2C_2026,https://www.270towin.com/2026-house-election/cook-political-report-2026-house-ratings,https://cawp.rutgers.edu/facts/elections-and-appointments/women-candidates-2026,0
2026-09-27,House,MI-13,Michigan,Completed,Donavan McKinney,0,Man — inferred (not on CAWP women roster),T.P. Nykoriak,0,Man — inferred (not on CAWP women roster),Solid D,0.989280,0.010720,0.000000,Win probabilities normalized from Kalshi D/R raw prices. Win probabilities normalized from Kalshi D/R raw prices.,https://ballotpedia.org/United_States_House_of_Representatives_elections_in_Michigan%2C_2026,https://www.270towin.com/2026-house-election/cook-political-report-2026-house-ratings,https://cawp.rutgers.edu/facts/elections-and-appointments/women-candidates-2026,0
2026-09-27,House,MN-1,Minnesota,Completed,Jake Johnson,0,Man — inferred (not on CAWP women roster),Brad Finstad,0,Man — inferred (not on CAWP women roster),Likely R,0.236181,0.763819,0.000000,Win probabilities normalized from Kalshi D/R raw prices. Win probabilities normalized from Kalshi D/R raw prices.,https://ballotpedia.org/United_States_House_of_Representatives_elections_in_Minnesota%2C_2026,https://www.270towin.com/2026-house-election/cook-political-report-2026-house-ratings,https://cawp.rutgers.edu/facts/elections-and-appointments/women-candidates-2026,0
2026-08-22,House,MN-2,Minnesota,Completed,Matt Little,0,Man — inferred (not on CAWP women roster),Eric Pratt,0,Man — inferred (not on CAWP women roster),Likely D,0.923001,0.076999,0.000000,Win probabilities normalized from Kalshi D/R raw prices. Win probabilities normalized from Kalshi D/R raw prices.,https://ballotpedia.org/United_States_House_of_Representatives_elections_in_Minnesota%2C_2026,https://www.270towin.com/2026-house-election/cook-political-report-2026-house-ratings,https://cawp.rutgers.edu/facts/elections-and-appointments/women-candidates-2026,0
2026-09-27,House,MN-3,Minnesota,Completed,Kelly Morrison,1,Woman — Rutgers CAWP roster,Tyler Bass,0,Man — inferred (not on CAWP women roster),Solid D,0.966567,0.033433,0.966567,Win probabilities normalized from Kalshi D/R raw prices. Win probabilities normalized from Kalshi D/R raw prices.,https://ballotpedia.org/United_States_House_of_Representatives_elections_in_Minnesota%2C_2026,https://www.270towin.com/2026-house-election/cook-political-report-2026-house-ratings,https://cawp.rutgers.edu/facts/elections-and-appointments/women-candidates-2026,0
2026-09-27,House,MN-4,Minnesota,Completed,Betty McCollum,1,Woman — Rutgers CAWP roster,Paul Wikstrom,0,Man — inferred (not on CAWP women roster),Solid D,0.950746,0.049254,0.950746,Win probabilities normalized from Kalshi D/R raw prices. Win probabilities normalized from Kalshi D/R raw prices.,https://ballotpedia.org/United_States_House_of_Representatives_elections_in_Minnesota%2C_2026,https://www.270towin.com/2026-house-election/cook-political-report-2026-house-ratings,https://cawp.rutgers.edu/facts/elections-and-appointments/women-candidates-2026,0
2026-09-27,House,MN-5,Minnesota,Completed,Ilhan Omar,1,Woman — Rutgers CAWP roster,John Nagel,0,Man — inferred (not on CAWP women roster),Solid D,0.948123,0.051877,0.948123,Win probabilities normalized from Kalshi D/R raw prices. Win probabilities normalized from Kalshi D/R raw prices.,https://ballotpedia.org/United_States_House_of_Representatives_elections_in_Minnesota%2C_2026,https://www.270towin.com/2026-house-election/cook-political-report-2026-house-ratings,https://cawp.rutgers.edu/facts/elections-and-appointments/women-candidates-2026,0
2026-09-27,House,MN-6,Minnesota,Completed,Doug Chapin,0,Man — inferred (not on CAWP women roster),Tom Emmer,0,Man — inferred (not on CAWP women roster),Solid R,0.088072,0.911928,0.000000,Win probabilities normalized from Kalshi D/R raw prices. Win probabilities normalized from Kalshi D/R raw prices.,https://ballotpedia.org/United_States_House_of_Representatives_elections_in_Minnesota%2C_2026,https://www.270towin.com/2026-house-election/cook-political-report-2026-house-ratings,https://cawp.rutgers.edu/facts/elections-and-appointments/women-candidates-2026,0
2026-09-27,House,MN-7,Minnesota,Completed,Erik Osberg,0,Man — inferred (not on CAWP women roster),Michelle Fischbach,1,Woman — Rutgers CAWP roster,Solid R,0.044679,0.955321,0.955321,Win probabilities normalized from Kalshi D/R raw prices. Win probabilities normalized from Kalshi D/R raw prices.,https://ballotpedia.org/United_States_House_of_Representatives_elections_in_Minnesota%2C_2026,https://www.270towin.com/2026-house-election/cook-political-report-2026-house-ratings,https://cawp.rutgers.edu/facts/elections-and-appointments/women-candidates-2026,0
2026-09-27,House,MN-8,Minnesota,Completed,Trina Swanson,1,Woman — Rutgers CAWP roster,Pete Stauber,0,Man — inferred (not on CAWP women roster),Solid R,0.120000,0.880000,0.120000,Win probabilities normalized from Kalshi D/R raw prices. Win probabilities normalized from Kalshi D/R raw prices.,https://ballotpedia.org/United_States_House_of_Representatives_elections_in_Minnesota%2C_2026,https://www.270towin.com/2026-house-election/cook-political-report-2026-house-ratings,https://cawp.rutgers.edu/facts/elections-and-appointments/women-candidates-2026,0
2026-09-27,House,MS-1,Mississippi,Completed,Cliff Johnson,0,Man — inferred (not on CAWP women roster),Trent Kelly,0,Man — inferred (not on CAWP women roster),Solid R,0.042424,0.957576,0.000000,Win probabilities normalized from Kalshi D/R raw prices. Win probabilities normalized from Kalshi D/R raw prices.,https://en.wikipedia.org/wiki/2026_United_States_House_of_Representatives_elections,https://www.270towin.com/2026-house-election/cook-political-report-2026-house-ratings,https://cawp.rutgers.edu/facts/elections-and-appointments/women-candidates-2026,0
2026-09-27,House,MS-2,Mississippi,Completed,Bennie Thompson,0,Man — inferred (not on CAWP women roster),Ron Eller,0,Man — inferred (not on CAWP women roster),Solid D,0.970075,0.029925,0.000000,Win probabilities normalized from Kalshi D/R raw prices. Win probabilities normalized from Kalshi D/R raw prices.,https://en.wikipedia.org/wiki/2026_United_States_House_of_Representatives_elections,https://www.270towin.com/2026-house-election/cook-political-report-2026-house-ratings,https://cawp.rutgers.edu/facts/elections-and-appointments/women-candidates-2026,0
2026-09-27,House,MS-3,Mississippi,Completed,Michael Chiaradio,0,Man — inferred (not on CAWP women roster),Michael Guest,0,Man — inferred (not on CAWP women roster),Solid R,0.018339,0.981661,0.000000,Win probabilities normalized from Kalshi D/R raw prices. Win probabilities normalized from Kalshi D/R raw prices.,https://en.wikipedia.org/wiki/2026_United_States_House_of_Representatives_elections,https://www.270towin.com/2026-house-election/cook-political-report-2026-house-ratings,https://cawp.rutgers.edu/facts/elections-and-appointments/women-candidates-2026,0
2026-09-27,House,MS-4,Mississippi,Completed,Jeffrey Hulum III,0,Man — inferred (not on CAWP women roster),Mike Ezell,0,Man — inferred (not on CAWP women roster),Solid R,0.030457,0.969543,0.000000,Win probabilities normalized from Kalshi D/R raw prices. Win probabilities normalized from Kalshi D/R raw prices.,https://en.wikipedia.org/wiki/2026_United_States_House_of_Representatives_elections,https://www.270towin.com/2026-house-election/cook-political-report-2026-house-ratings,https://cawp.rutgers.edu/facts/elections-and-appointments/women-candidates-2026,0
2026-09-27,House,MO-1,Missouri,Completed,Wesley Bell,0,Man — inferred (not on CAWP women roster),Paul Berry,0,Man — inferred (not on CAWP women roster),Solid D,0.970515,0.029485,0.000000,Win probabilities normalized from Kalshi D/R raw prices. Win probabilities normalized from Kalshi D/R raw prices.,https://en.wikipedia.org/wiki/2026_United_States_House_of_Representatives_elections,https://www.270towin.com/2026-house-election/cook-political-report-2026-house-ratings,https://cawp.rutgers.edu/facts/elections-and-appointments/women-candidates-2026,0
2026-09-27,House,MO-2,Missouri,Completed,Fred Wellman,0,Man — inferred (not on CAWP women roster),Ann Wagner,1,Woman — Rutgers CAWP roster,Likely R,0.270000,0.730000,0.730000,Win probabilities normalized from Kalshi D/R raw prices. Win probabilities normalized from Kalshi D/R raw prices.,https://en.wikipedia.org/wiki/2026_United_States_House_of_Representatives_elections,https://www.270towin.com/2026-house-election/cook-political-report-2026-house-ratings,https://cawp.rutgers.edu/facts/elections-and-appointments/women-candidates-2026,0
2026-09-27,House,MO-3,Missouri,Completed,Bethany Mann,1,Woman — Rutgers CAWP roster,Bob Onder,0,Man — inferred (not on CAWP women roster),Solid R,0.058559,0.941441,0.058559,Win probabilities normalized from Kalshi D/R raw prices. Win probabilities normalized from Kalshi D/R raw prices.,https://en.wikipedia.org/wiki/2026_United_States_House_of_Representatives_elections,https://www.270towin.com/2026-house-election/cook-political-report-2026-house-ratings,https://cawp.rutgers.edu/facts/elections-and-appointments/women-candidates-2026,0
2026-09-27,House,MO-4,Missouri,Completed,Jordan Herrera,0,Man — inferred (not on CAWP women roster),Mark Alford,0,Man — inferred (not on CAWP women roster),Solid R,0.072247,0.927753,0.000000,Win probabilities normalized from Kalshi D/R raw prices. Win probabilities normalized from Kalshi D/R raw prices.,https://en.wikipedia.org/wiki/2026_United_States_House_of_Representatives_elections,https://www.270towin.com/2026-house-election/cook-political-report-2026-house-ratings,https://cawp.rutgers.edu/facts/elections-and-appointments/women-candidates-2026,0
2026-08-20,House,MO-5,Missouri,Completed,Emanuel Cleaver,0,Man — inferred (not on CAWP women roster),Rick Brattin,0,Man — inferred (not on CAWP women roster),Solid D,0,1,0,,https://en.wikipedia.org/wiki/2026_United_States_House_of_Representatives_elections,https://www.270towin.com/2026-house-election/cook-political-report-2026-house-ratings,https://cawp.rutgers.edu/facts/elections-and-appointments/women-candidates-2026,0
2026-09-27,House,MO-6,Missouri,Completed,Josh Smead,0,Man — inferred (not on CAWP women roster),Chris Stigall,0,Man — inferred (not on CAWP women roster),Solid R,0.055416,0.944584,0.000000,Win probabilities normalized from Kalshi D/R raw prices. Win probabilities normalized from Kalshi D/R raw prices.,https://en.wikipedia.org/wiki/2026_United_States_House_of_Representatives_elections,https://www.270towin.com/2026-house-election/cook-political-report-2026-house-ratings,https://cawp.rutgers.edu/facts/elections-and-appointments/women-candidates-2026,0
2026-09-27,House,MO-7,Missouri,Completed,Missi Hesketh,1,Woman — Rutgers CAWP roster,Eric Burlison,0,Man — inferred (not on CAWP women roster),Solid R,0.037110,0.962890,0.037110,Win probabilities normalized from Kalshi D/R raw prices. Win probabilities normalized from Kalshi D/R raw prices.,https://en.wikipedia.org/wiki/2026_United_States_House_of_Representatives_elections,https://www.270towin.com/2026-house-election/cook-political-report-2026-house-ratings,https://cawp.rutgers.edu/facts/elections-and-appointments/women-candidates-2026,0
2026-09-27,House,MO-8,Missouri,Completed,Chris Reichard,0,Man — inferred (not on CAWP women roster),Jason Smith,0,Man — inferred (not on CAWP women roster),Solid R,0.022422,0.977578,0.000000,Win probabilities normalized from Kalshi D/R raw prices. Win probabilities normalized from Kalshi D/R raw prices.,https://en.wikipedia.org/wiki/2026_United_States_House_of_Representatives_elections,https://www.270towin.com/2026-house-election/cook-political-report-2026-house-ratings,https://cawp.rutgers.edu/facts/elections-and-appointments/women-candidates-2026,0
2026-08-22,House,MT-1,Montana,Completed,Sam Forstag,0,Man — inferred (not on CAWP women roster),Aaron Flint,0,Man — inferred (not on CAWP women roster),Likely R,0.362745,0.637255,0.000000,Win probabilities normalized from Kalshi D/R raw prices. Win probabilities normalized from Kalshi D/R raw prices.,https://en.wikipedia.org/wiki/2026_United_States_House_of_Representatives_elections,https://www.270towin.com/2026-house-election/cook-political-report-2026-house-ratings,https://cawp.rutgers.edu/facts/elections-and-appointments/women-candidates-2026,0
2026-09-27,House,MT-2,Montana,Completed,Brian Miller,0,Man — inferred (not on CAWP women roster),Troy Downing,0,Man — inferred (not on CAWP women roster),Solid R,0.049826,0.950174,0.000000,Win probabilities normalized from Kalshi D/R raw prices. Win probabilities normalized from Kalshi D/R raw prices.,https://en.wikipedia.org/wiki/2026_United_States_House_of_Representatives_elections,https://www.270towin.com/2026-house-election/cook-political-report-2026-house-ratings,https://cawp.rutgers.edu/facts/elections-and-appointments/women-candidates-2026,0
2026-09-27,House,NE-1,Nebraska,Completed,Chris Backemeyer,0,Man — inferred (not on CAWP women roster),Mike Flood,0,Man — inferred (not on CAWP women roster),Solid R,0.175879,0.824121,0.000000,Win probabilities normalized from Kalshi D/R raw prices. Win probabilities normalized from Kalshi D/R raw prices.,https://en.wikipedia.org/wiki/2026_United_States_House_of_Representatives_elections,https://www.270towin.com/2026-house-election/cook-political-report-2026-house-ratings,https://cawp.rutgers.edu/facts/elections-and-appointments/women-candidates-2026,0
2026-08-22,House,NE-2,Nebraska,Completed,Denise Powell,1,Woman — Rutgers CAWP roster,Brinker Harding,0,Man — inferred (not on CAWP women roster),Lean D,0.826733,0.173267,0.826733,Win probabilities normalized from Kalshi D/R raw prices. Win probabilities normalized from Kalshi D/R raw prices.,https://en.wikipedia.org/wiki/2026_United_States_House_of_Representatives_elections,https://www.270towin.com/2026-house-election/cook-political-report-2026-house-ratings,https://cawp.rutgers.edu/facts/elections-and-appointments/women-candidates-2026,0
2026-09-27,House,NE-3,Nebraska,Completed,Becky Stille,1,Woman — Rutgers CAWP roster,Adrian Smith,0,Man — inferred (not on CAWP women roster),Solid R,0.030242,0.969758,0.030242,Win probabilities normalized from Kalshi D/R raw prices. Win probabilities normalized from Kalshi D/R raw prices.,https://en.wikipedia.org/wiki/2026_United_States_House_of_Representatives_elections,https://www.270towin.com/2026-house-election/cook-political-report-2026-house-ratings,https://cawp.rutgers.edu/facts/elections-and-appointments/women-candidates-2026,0
2026-08-22,House,NV-1,Nevada,Completed,Dina Titus,1,Woman — Rutgers CAWP roster,Carrie Buck,1,Woman — Rutgers CAWP roster,Likely D,0.885700,0.114300,1.000000,Win probabilities normalized from Kalshi D/R raw prices. Win probabilities normalized from Kalshi D/R raw prices.,https://en.wikipedia.org/wiki/2026_United_States_House_of_Representatives_elections,https://www.270towin.com/2026-house-election/cook-political-report-2026-house-ratings,https://cawp.rutgers.edu/facts/elections-and-appointments/women-candidates-2026,0
2026-09-27,House,NV-2,Nevada,Completed,Teresa Benitez-Thompson,1,Woman — Rutgers CAWP roster,David Flippo,0,Man — inferred (not on CAWP women roster),Solid R,0.228856,0.771144,0.228856,Win probabilities normalized from Kalshi D/R raw prices. Win probabilities normalized from Kalshi D/R raw prices.,https://en.wikipedia.org/wiki/2026_United_States_House_of_Representatives_elections,https://www.270towin.com/2026-house-election/cook-political-report-2026-house-ratings,https://cawp.rutgers.edu/facts/elections-and-appointments/women-candidates-2026,0
2026-08-22,House,NV-3,Nevada,Completed,Susie Lee,1,Woman — Rutgers CAWP roster,Martin O’Donnell,0,Man — inferred (not on CAWP women roster),Lean D,0.924107,0.075893,0.924107,Win probabilities normalized from Kalshi D/R raw prices. Win probabilities normalized from Kalshi D/R raw prices.,https://en.wikipedia.org/wiki/2026_United_States_House_of_Representatives_elections,https://www.270towin.com/2026-house-election/cook-political-report-2026-house-ratings,https://cawp.rutgers.edu/facts/elections-and-appointments/women-candidates-2026,0
2026-08-22,House,NV-4,Nevada,Completed,Steven Horsford,0,Man — inferred (not on CAWP women roster),Cody Whipple,0,Man — inferred (not on CAWP women roster),Likely D,0.910891,0.089109,0.000000,Win probabilities normalized from Kalshi D/R raw prices. Win probabilities normalized from Kalshi D/R raw prices.,https://en.wikipedia.org/wiki/2026_United_States_House_of_Representatives_elections,https://www.270towin.com/2026-house-election/cook-political-report-2026-house-ratings,https://cawp.rutgers.edu/facts/elections-and-appointments/women-candidates-2026,0
2026-09-08,House,NH-1,New Hampshire,Completed,Stefany Shaheen,1,Woman — Rutgers CAWP roster,Anthony DiLorenzo,0,Man — inferred (not on CAWP women roster),Likely D,0.883249,0.116751,0.883249,Primary resolved; Shaheen will face Republican nominee DiLorenzo. Democratic result entered before an AP race call. Win probabilities normalized from Kalshi D/R raw prices.,https://www.sos.nh.gov/2026-state-primary-election-results,https://www.270towin.com/2026-house-election/cook-political-report-2026-house-ratings,https://cawp.rutgers.edu/facts/elections-and-appointments/women-candidates-2026,0
2026-09-27,House,NH-2,New Hampshire,Completed,Maggie Goodlander,1,Woman — Rutgers CAWP roster,Lily Tang Williams,1,Woman — Rutgers CAWP roster,Solid D,0.937845,0.062155,1.000000,Primary resolved; Goodlander will face Republican nominee Tang Williams in a 2024 rematch. Win probabilities normalized from Kalshi D/R raw prices.,https://newhampshirebulletin.com/2026/09/08/goodlander-williams-rematch-set-in-2nd-congressional-district/,https://www.270towin.com/2026-house-election/cook-political-report-2026-house-ratings,https://cawp.rutgers.edu/facts/elections-and-appointments/women-candidates-2026,0
2026-09-27,House,NJ-1,New Jersey,Completed,Donald Norcross,0,Man — inferred (not on CAWP women roster),Damon Galdo,0,Man — inferred (not on CAWP women roster),Solid D,0.948361,0.051639,0.000000,Win probabilities normalized from Kalshi D/R raw prices. Win probabilities normalized from Kalshi D/R raw prices.,https://en.wikipedia.org/wiki/2026_United_States_House_of_Representatives_elections,https://www.270towin.com/2026-house-election/cook-political-report-2026-house-ratings,https://cawp.rutgers.edu/facts/elections-and-appointments/women-candidates-2026,0
2026-09-27,House,NJ-2,New Jersey,Completed,Zack Mullock,0,Man — inferred (not on CAWP women roster),Jeff Van Drew,0,Man — inferred (not on CAWP women roster),Solid R,0.175879,0.824121,0.000000,Win probabilities normalized from Kalshi D/R raw prices. Win probabilities normalized from Kalshi D/R raw prices.,https://en.wikipedia.org/wiki/2026_United_States_House_of_Representatives_elections,https://www.270towin.com/2026-house-election/cook-political-report-2026-house-ratings,https://cawp.rutgers.edu/facts/elections-and-appointments/women-candidates-2026,0
2026-09-27,House,NJ-3,New Jersey,Completed,Herb Conaway,0,Man — inferred (not on CAWP women roster),Michael McGuire,0,Man — inferred (not on CAWP women roster),Solid D,0.957746,0.042254,0.000000,Win probabilities normalized from Kalshi D/R raw prices. Win probabilities normalized from Kalshi D/R raw prices.,https://en.wikipedia.org/wiki/2026_United_States_House_of_Representatives_elections,https://www.270towin.com/2026-house-election/cook-political-report-2026-house-ratings,https://cawp.rutgers.edu/facts/elections-and-appointments/women-candidates-2026,0
2026-09-27,House,NJ-4,New Jersey,Completed,Rachel Peace,1,Woman — Rutgers CAWP roster,Chris Smith,0,Man — inferred (not on CAWP women roster),Solid R,0.042211,0.957789,0.042211,Win probabilities normalized from Kalshi D/R raw prices. Win probabilities normalized from Kalshi D/R raw prices.,https://en.wikipedia.org/wiki/2026_United_States_House_of_Representatives_elections,https://www.270towin.com/2026-house-election/cook-political-report-2026-house-ratings,https://cawp.rutgers.edu/facts/elections-and-appointments/women-candidates-2026,0
2026-08-22,House,NJ-5,New Jersey,Completed,Josh Gottheimer,0,Man — inferred (not on CAWP women roster),Sean Kirrane,0,Man — inferred (not on CAWP women roster),Solid D,0.908654,0.091346,0.000000,Win probabilities normalized from Kalshi D/R raw prices. Win probabilities normalized from Kalshi D/R raw prices.,https://en.wikipedia.org/wiki/2026_United_States_House_of_Representatives_elections,https://www.270towin.com/2026-house-election/cook-political-report-2026-house-ratings,https://cawp.rutgers.edu/facts/elections-and-appointments/women-candidates-2026,0
2026-09-27,House,NJ-6,New Jersey,Completed,Frank Pallone,0,Man — inferred (not on CAWP women roster),Hillary Herzig,1,Woman — Rutgers CAWP roster,Solid D,0.948718,0.051282,0.051282,Win probabilities normalized from Kalshi D/R raw prices. Win probabilities normalized from Kalshi D/R raw prices.,https://en.wikipedia.org/wiki/2026_United_States_House_of_Representatives_elections,https://www.270towin.com/2026-house-election/cook-political-report-2026-house-ratings,https://cawp.rutgers.edu/facts/elections-and-appointments/women-candidates-2026,0
2026-08-22,House,NJ-7,New Jersey,Completed,Rebecca Bennett,1,Woman — Rutgers CAWP roster,Thomas Kean Jr.,0,Man — inferred (not on CAWP women roster),Toss-up,0.768844,0.231156,0.768844,Win probabilities normalized from Kalshi D/R raw prices. Win probabilities normalized from Kalshi D/R raw prices.,https://en.wikipedia.org/wiki/2026_United_States_House_of_Representatives_elections,https://www.270towin.com/2026-house-election/cook-political-report-2026-house-ratings,https://cawp.rutgers.edu/facts/elections-and-appointments/women-candidates-2026,0
2026-09-27,House,NJ-8,New Jersey,Completed,Rob Menendez,0,Man — inferred (not on CAWP women roster),None/Minor,0,No Republican filer; minor-party or no opponent,Solid D,0.976406,0.023594,0.000000,No Republican general-election candidate listed Win probabilities normalized from Kalshi D/R raw prices. Win probabilities normalized from Kalshi D/R raw prices.,https://en.wikipedia.org/wiki/2026_United_States_House_of_Representatives_elections,https://www.270towin.com/2026-house-election/cook-political-report-2026-house-ratings,https://cawp.rutgers.edu/facts/elections-and-appointments/women-candidates-2026,0
2026-08-22,House,NJ-9,New Jersey,Completed,Nellie Pou,1,Woman — Rutgers CAWP roster,Rosie Pino,1,Woman — Rutgers CAWP roster,Likely D,0.919744,0.080256,1.000000,Win probabilities normalized from Kalshi D/R raw prices. Win probabilities normalized from Kalshi D/R raw prices.,https://en.wikipedia.org/wiki/2026_United_States_House_of_Representatives_elections,https://www.270towin.com/2026-house-election/cook-political-report-2026-house-ratings,https://cawp.rutgers.edu/facts/elections-and-appointments/women-candidates-2026,0
2026-09-27,House,NJ-10,New Jersey,Completed,LaMonica McIver,1,Woman — Rutgers CAWP roster,Carmen Bucco,0,Man — inferred (not on CAWP women roster),Solid D,0.971095,0.028905,0.971095,Win probabilities normalized from Kalshi D/R raw prices. Win probabilities normalized from Kalshi D/R raw prices.,https://en.wikipedia.org/wiki/2026_United_States_House_of_Representatives_elections,https://www.270towin.com/2026-house-election/cook-political-report-2026-house-ratings,https://cawp.rutgers.edu/facts/elections-and-appointments/women-candidates-2026,0
2026-09-27,House,NJ-11,New Jersey,Completed,Analilia Mejia,1,Woman — Rutgers CAWP roster,Joe Hathaway,0,Man — inferred (not on CAWP women roster),Solid D,0.957299,0.042701,0.957299,Win probabilities normalized from Kalshi D/R raw prices. Win probabilities normalized from Kalshi D/R raw prices.,https://en.wikipedia.org/wiki/2026_United_States_House_of_Representatives_elections,https://www.270towin.com/2026-house-election/cook-political-report-2026-house-ratings,https://cawp.rutgers.edu/facts/elections-and-appointments/women-candidates-2026,0
2026-09-27,House,NJ-12,New Jersey,Completed,Adam Hamawy,0,Man — inferred (not on CAWP women roster),Gregg Mele,0,Man — inferred (not on CAWP women roster),Solid D,0.954522,0.045478,0.000000,Win probabilities normalized from Kalshi D/R raw prices. Win probabilities normalized from Kalshi D/R raw prices.,https://en.wikipedia.org/wiki/2026_United_States_House_of_Representatives_elections,https://www.270towin.com/2026-house-election/cook-political-report-2026-house-ratings,https://cawp.rutgers.edu/facts/elections-and-appointments/women-candidates-2026,0
2026-09-27,House,NM-1,New Mexico,Completed,Melanie Stansbury,1,Woman — Rutgers CAWP roster,Ndidiamaka Okpareke,1,Woman — Rutgers CAWP roster,Solid D,0.933702,0.066298,1.000000,Win probabilities normalized from Kalshi D/R raw prices. Win probabilities normalized from Kalshi D/R raw prices.,https://en.wikipedia.org/wiki/2026_United_States_House_of_Representatives_elections,https://www.270towin.com/2026-house-election/cook-political-report-2026-house-ratings,https://cawp.rutgers.edu/facts/elections-and-appointments/women-candidates-2026,0
2026-08-22,House,NM-2,New Mexico,Completed,Gabe Vasquez,0,Man — inferred (not on CAWP women roster),Greg Cunningham,0,Man — inferred (not on CAWP women roster),Lean D,0.891035,0.108965,0.000000,Win probabilities normalized from Kalshi D/R raw prices. Win probabilities normalized from Kalshi D/R raw prices.,https://en.wikipedia.org/wiki/2026_United_States_House_of_Representatives_elections,https://www.270towin.com/2026-house-election/cook-political-report-2026-house-ratings,https://cawp.rutgers.edu/facts/elections-and-appointments/women-candidates-2026,0
2026-09-27,House,NM-3,New Mexico,Completed,Teresa Leger Fernandez,1,Woman — Rutgers CAWP roster,Martin Zamora,0,Man — inferred (not on CAWP women roster),Solid D,0.968687,0.031313,0.968687,Win probabilities normalized from Kalshi D/R raw prices. Win probabilities normalized from Kalshi D/R raw prices.,https://en.wikipedia.org/wiki/2026_United_States_House_of_Representatives_elections,https://www.270towin.com/2026-house-election/cook-political-report-2026-house-ratings,https://cawp.rutgers.edu/facts/elections-and-appointments/women-candidates-2026,0
2026-09-27,House,NY-1,New York,Completed,Chris Gallant,0,Man — inferred (not on CAWP women roster),Nick LaLota,0,Man — inferred (not on CAWP women roster),Solid R,0.185000,0.815000,0.000000,Win probabilities normalized from Kalshi D/R raw prices. Win probabilities normalized from Kalshi D/R raw prices.,https://en.wikipedia.org/wiki/2026_United_States_House_of_Representatives_elections,https://www.270towin.com/2026-house-election/cook-political-report-2026-house-ratings,https://cawp.rutgers.edu/facts/elections-and-appointments/women-candidates-2026,0
2026-09-27,House,NY-2,New York,Completed,Patrick Halpin,0,Man — inferred (not on CAWP women roster),Andrew Garbarino,0,Man — inferred (not on CAWP women roster),Solid R,0.125000,0.875000,0.000000,Win probabilities normalized from Kalshi D/R raw prices. Win probabilities normalized from Kalshi D/R raw prices.,https://en.wikipedia.org/wiki/2026_United_States_House_of_Representatives_elections,https://www.270towin.com/2026-house-election/cook-political-report-2026-house-ratings,https://cawp.rutgers.edu/facts/elections-and-appointments/women-candidates-2026,0
2026-08-22,House,NY-3,New York,Completed,Tom Suozzi,0,Man — inferred (not on CAWP women roster),Mike LiPetri,0,Man — inferred (not on CAWP women roster),Lean D,0.862944,0.137056,0.000000,Win probabilities normalized from Kalshi D/R raw prices. Win probabilities normalized from Kalshi D/R raw prices.,https://en.wikipedia.org/wiki/2026_United_States_House_of_Representatives_elections,https://www.270towin.com/2026-house-election/cook-political-report-2026-house-ratings,https://cawp.rutgers.edu/facts/elections-and-appointments/women-candidates-2026,0
2026-08-22,House,NY-4,New York,Completed,Laura Gillen,1,Woman — Rutgers CAWP roster,Jeanine Driscoll,1,Woman — Rutgers CAWP roster,Lean D,0.895522,0.104478,1.000000,Win probabilities normalized from Kalshi D/R raw prices. Win probabilities normalized from Kalshi D/R raw prices.,https://en.wikipedia.org/wiki/2026_United_States_House_of_Representatives_elections,https://www.270towin.com/2026-house-election/cook-political-report-2026-house-ratings,https://cawp.rutgers.edu/facts/elections-and-appointments/women-candidates-2026,0
2026-09-27,House,NY-5,New York,Completed,Gregory Meeks,0,Man — inferred (not on CAWP women roster),George Marsh,0,Man — inferred (not on CAWP women roster),Solid D,0.976756,0.023244,0.000000,Win probabilities normalized from Kalshi D/R raw prices. Win probabilities normalized from Kalshi D/R raw prices.,https://en.wikipedia.org/wiki/2026_United_States_House_of_Representatives_elections,https://www.270towin.com/2026-house-election/cook-political-report-2026-house-ratings,https://cawp.rutgers.edu/facts/elections-and-appointments/women-candidates-2026,0
2026-09-27,House,NY-6,New York,Completed,Grace Meng,1,Woman — Rutgers CAWP roster,Joseph Chou,0,Man — inferred (not on CAWP women roster),Solid D,0.964982,0.035018,0.964982,Win probabilities normalized from Kalshi D/R raw prices. Win probabilities normalized from Kalshi D/R raw prices.,https://en.wikipedia.org/wiki/2026_United_States_House_of_Representatives_elections,https://www.270towin.com/2026-house-election/cook-political-report-2026-house-ratings,https://cawp.rutgers.edu/facts/elections-and-appointments/women-candidates-2026,0
2026-09-27,House,NY-7,New York,Completed,Claire Valdez,1,Woman — Rutgers CAWP roster,Melvin Rivera,0,Man — inferred (not on CAWP women roster),Solid D,0.980529,0.019471,0.980529,Win probabilities normalized from Kalshi D/R raw prices. Win probabilities normalized from Kalshi D/R raw prices.,https://en.wikipedia.org/wiki/2026_United_States_House_of_Representatives_elections,https://www.270towin.com/2026-house-election/cook-political-report-2026-house-ratings,https://cawp.rutgers.edu/facts/elections-and-appointments/women-candidates-2026,0
2026-09-27,House,NY-8,New York,Completed,Hakeem Jeffries,0,Man — inferred (not on CAWP women roster),Lewis Mizrahi,0,Man — inferred (not on CAWP women roster),Solid D,0.972500,0.027500,0.000000,Win probabilities normalized from Kalshi D/R raw prices. Win probabilities normalized from Kalshi D/R raw prices.,https://en.wikipedia.org/wiki/2026_United_States_House_of_Representatives_elections,https://www.270towin.com/2026-house-election/cook-political-report-2026-house-ratings,https://cawp.rutgers.edu/facts/elections-and-appointments/women-candidates-2026,0
2026-09-27,House,NY-9,New York,Completed,Yvette Clarke,1,Woman — Rutgers CAWP roster,Joel Anabilah-Azumah,0,Man — inferred (not on CAWP women roster),Solid D,0.972431,0.027569,0.972431,Win probabilities normalized from Kalshi D/R raw prices. Win probabilities normalized from Kalshi D/R raw prices.,https://en.wikipedia.org/wiki/2026_United_States_House_of_Representatives_elections,https://www.270towin.com/2026-house-election/cook-political-report-2026-house-ratings,https://cawp.rutgers.edu/facts/elections-and-appointments/women-candidates-2026,0
2026-09-27,House,NY-10,New York,Completed,Brad Lander,0,Man — inferred (not on CAWP women roster),Jennifer Moore,1,Woman — Rutgers CAWP roster,Solid D,0.981500,0.018500,0.018500,Win probabilities normalized from Kalshi D/R raw prices. Win probabilities normalized from Kalshi D/R raw prices.,https://en.wikipedia.org/wiki/2026_United_States_House_of_Representatives_elections,https://www.270towin.com/2026-house-election/cook-political-report-2026-house-ratings,https://cawp.rutgers.edu/facts/elections-and-appointments/women-candidates-2026,0
2026-09-27,House,NY-11,New York,Completed,Michael DeCillis,0,Man — inferred (not on CAWP women roster),Nicole Malliotakis,1,Woman — Rutgers CAWP roster,Solid R,0.052765,0.947235,0.947235,Win probabilities normalized from Kalshi D/R raw prices. Win probabilities normalized from Kalshi D/R raw prices.,https://en.wikipedia.org/wiki/2026_United_States_House_of_Representatives_elections,https://www.270towin.com/2026-house-election/cook-political-report-2026-house-ratings,https://cawp.rutgers.edu/facts/elections-and-appointments/women-candidates-2026,0
2026-09-27,House,NY-12,New York,Completed,Micah Lasher,0,Man — inferred (not on CAWP women roster),Caroline Shinkle,1,Woman — Rutgers CAWP roster,Solid D,0.978511,0.021489,0.021489,Win probabilities normalized from Kalshi D/R raw prices. Win probabilities normalized from Kalshi D/R raw prices.,https://en.wikipedia.org/wiki/2026_United_States_House_of_Representatives_elections,https://www.270towin.com/2026-house-election/cook-political-report-2026-house-ratings,https://cawp.rutgers.edu/facts/elections-and-appointments/women-candidates-2026,0
2026-09-27,House,NY-13,New York,Completed,Darializa Avila Chevalier,1,Woman — Rutgers CAWP roster,Jomo Williams,0,Man — inferred (not on CAWP women roster),Solid D,0.974987,0.025013,0.974987,Win probabilities normalized from Kalshi D/R raw prices. Win probabilities normalized from Kalshi D/R raw prices.,https://en.wikipedia.org/wiki/2026_United_States_House_of_Representatives_elections,https://www.270towin.com/2026-house-election/cook-political-report-2026-house-ratings,https://cawp.rutgers.edu/facts/elections-and-appointments/women-candidates-2026,0
2026-09-27,House,NY-14,New York,Completed,Alexandria Ocasio-Cortez,1,Woman — Rutgers CAWP roster,Diamant Hysenaj,0,Man — inferred (not on CAWP women roster),Solid D,0.957510,0.042490,0.957510,Win probabilities normalized from Kalshi D/R raw prices. Win probabilities normalized from Kalshi D/R raw prices.,https://en.wikipedia.org/wiki/2026_United_States_House_of_Representatives_elections,https://www.270towin.com/2026-house-election/cook-political-report-2026-house-ratings,https://cawp.rutgers.edu/facts/elections-and-appointments/women-candidates-2026,0
2026-09-27,House,NY-15,New York,Completed,Ritchie Torres,0,Man — inferred (not on CAWP women roster),Stylo Sapaskis,0,Man — inferred (not on CAWP women roster),Solid D,0.976861,0.023139,0.000000,Win probabilities normalized from Kalshi D/R raw prices. Win probabilities normalized from Kalshi D/R raw prices.,https://en.wikipedia.org/wiki/2026_United_States_House_of_Representatives_elections,https://www.270towin.com/2026-house-election/cook-political-report-2026-house-ratings,https://cawp.rutgers.edu/facts/elections-and-appointments/women-candidates-2026,0
2026-09-27,House,NY-16,New York,Completed,George Latimer,0,Man — inferred (not on CAWP women roster),Joseph Cinquemani,0,Man — inferred (not on CAWP women roster),Solid D,0.973040,0.026960,0.000000,Win probabilities normalized from Kalshi D/R raw prices. Win probabilities normalized from Kalshi D/R raw prices.,https://en.wikipedia.org/wiki/2026_United_States_House_of_Representatives_elections,https://www.270towin.com/2026-house-election/cook-political-report-2026-house-ratings,https://cawp.rutgers.edu/facts/elections-and-appointments/women-candidates-2026,0
2026-08-22,House,NY-17,New York,Completed,Cait Conley,1,Woman — Rutgers CAWP roster,Mike Lawler,0,Man — inferred (not on CAWP women roster),Toss-up,0.660099,0.339901,0.660099,Win probabilities normalized from Kalshi D/R raw prices. Win probabilities normalized from Kalshi D/R raw prices.,https://en.wikipedia.org/wiki/2026_United_States_House_of_Representatives_elections,https://www.270towin.com/2026-house-election/cook-political-report-2026-house-ratings,https://cawp.rutgers.edu/facts/elections-and-appointments/women-candidates-2026,0
2026-08-22,House,NY-18,New York,Completed,Pat Ryan,0,Man — inferred (not on CAWP women roster),Jacqueline Auringer,1,Woman — Rutgers CAWP roster (Jackie Auringer name variant),Solid D,0.913198,0.086802,0.086802,Win probabilities normalized from Kalshi D/R raw prices. Win probabilities normalized from Kalshi D/R raw prices.,https://en.wikipedia.org/wiki/2026_United_States_House_of_Representatives_elections,https://www.270towin.com/2026-house-election/cook-political-report-2026-house-ratings,https://cawp.rutgers.edu/facts/elections-and-appointments/women-candidates-2026,0
2026-08-22,House,NY-19,New York,Completed,Josh Riley,0,Man — inferred (not on CAWP women roster),Peter Oberacker,0,Man — inferred (not on CAWP women roster),Likely D,0.924109,0.075891,0.000000,Win probabilities normalized from Kalshi D/R raw prices. Win probabilities normalized from Kalshi D/R raw prices.,https://en.wikipedia.org/wiki/2026_United_States_House_of_Representatives_elections,https://www.270towin.com/2026-house-election/cook-political-report-2026-house-ratings,https://cawp.rutgers.edu/facts/elections-and-appointments/women-candidates-2026,0
2026-09-27,House,NY-20,New York,Completed,Paul Tonko,0,Man — inferred (not on CAWP women roster),Ralph Ambrosio,0,Man — inferred (not on CAWP women roster),Solid D,0.944638,0.055362,0.000000,Win probabilities normalized from Kalshi D/R raw prices. Win probabilities normalized from Kalshi D/R raw prices.,https://en.wikipedia.org/wiki/2026_United_States_House_of_Representatives_elections,https://www.270towin.com/2026-house-election/cook-political-report-2026-house-ratings,https://cawp.rutgers.edu/facts/elections-and-appointments/women-candidates-2026,0
2026-09-27,House,NY-21,New York,Completed,Blake Gendebien,0,Man — inferred (not on CAWP women roster),Anthony Constantino,0,Man — inferred (not on CAWP women roster),Solid R,0.184080,0.815920,0.000000,Win probabilities normalized from Kalshi D/R raw prices. Win probabilities normalized from Kalshi D/R raw prices.,https://en.wikipedia.org/wiki/2026_United_States_House_of_Representatives_elections,https://www.270towin.com/2026-house-election/cook-political-report-2026-house-ratings,https://cawp.rutgers.edu/facts/elections-and-appointments/women-candidates-2026,0
2026-08-22,House,NY-22,New York,Completed,John Mannion,0,Man — inferred (not on CAWP women roster),Kailee Buller,1,Woman — Rutgers CAWP roster,Solid D,0.936064,0.063936,0.063936,Win probabilities normalized from Kalshi D/R raw prices. Win probabilities normalized from Kalshi D/R raw prices.,https://en.wikipedia.org/wiki/2026_United_States_House_of_Representatives_elections,https://www.270towin.com/2026-house-election/cook-political-report-2026-house-ratings,https://cawp.rutgers.edu/facts/elections-and-appointments/women-candidates-2026,0
2026-09-27,House,NY-23,New York,Completed,Aaron Gies,0,Man — inferred (not on CAWP women roster),Nick Langworthy,0,Man — inferred (not on CAWP women roster),Solid R,0.060787,0.939213,0.000000,Win probabilities normalized from Kalshi D/R raw prices. Win probabilities normalized from Kalshi D/R raw prices.,https://en.wikipedia.org/wiki/2026_United_States_House_of_Representatives_elections,https://www.270towin.com/2026-house-election/cook-political-report-2026-house-ratings,https://cawp.rutgers.edu/facts/elections-and-appointments/women-candidates-2026,0
2026-09-27,House,NY-24,New York,Completed,Alissa Ellman,1,Woman — Rutgers CAWP roster,Claudia Tenney,1,Woman — Rutgers CAWP roster,Solid R,0.062749,0.937251,1.000000,Win probabilities normalized from Kalshi D/R raw prices. Win probabilities normalized from Kalshi D/R raw prices.,https://en.wikipedia.org/wiki/2026_United_States_House_of_Representatives_elections,https://www.270towin.com/2026-house-election/cook-political-report-2026-house-ratings,https://cawp.rutgers.edu/facts/elections-and-appointments/women-candidates-2026,0
2026-09-27,House,NY-25,New York,Completed,Joseph Morelle,0,Man — inferred (not on CAWP women roster),Virginia McIntyre,1,Woman — Rutgers CAWP roster,Solid D,0.963074,0.036926,0.036926,Win probabilities normalized from Kalshi D/R raw prices. Win probabilities normalized from Kalshi D/R raw prices.,https://en.wikipedia.org/wiki/2026_United_States_House_of_Representatives_elections,https://www.270towin.com/2026-house-election/cook-political-report-2026-house-ratings,https://cawp.rutgers.edu/facts/elections-and-appointments/women-candidates-2026,0
2026-09-27,House,NY-26,New York,Completed,Tim Kennedy,0,Man — inferred (not on CAWP women roster),Dennis Hannon,0,Man — inferred (not on CAWP women roster),Solid D,0.962208,0.037792,0.000000,Win probabilities normalized from Kalshi D/R raw prices. Win probabilities normalized from Kalshi D/R raw prices.,https://en.wikipedia.org/wiki/2026_United_States_House_of_Representatives_elections,https://www.270towin.com/2026-house-election/cook-political-report-2026-house-ratings,https://cawp.rutgers.edu/facts/elections-and-appointments/women-candidates-2026,0
2026-08-22,House,NC-1,North Carolina,Completed,Don Davis,0,Man — inferred (not on CAWP women roster),Laurie Buckhout,1,Woman — Rutgers CAWP roster,Lean R,0.575000,0.425000,0.425000,Win probabilities normalized from Kalshi D/R raw prices. Win probabilities normalized from Kalshi D/R raw prices.,https://en.wikipedia.org/wiki/2026_United_States_House_of_Representatives_elections,https://www.270towin.com/2026-house-election/cook-political-report-2026-house-ratings,https://cawp.rutgers.edu/facts/elections-and-appointments/women-candidates-2026,0
2026-09-27,House,NC-2,North Carolina,Completed,Deborah Ross,1,Woman — Rutgers CAWP roster,Eugene Douglass,0,Man — inferred (not on CAWP women roster),Solid D,0.958126,0.041874,0.958126,Win probabilities normalized from Kalshi D/R raw prices. Win probabilities normalized from Kalshi D/R raw prices.,https://en.wikipedia.org/wiki/2026_United_States_House_of_Representatives_elections,https://www.270towin.com/2026-house-election/cook-political-report-2026-house-ratings,https://cawp.rutgers.edu/facts/elections-and-appointments/women-candidates-2026,0
2026-09-27,House,NC-3,North Carolina,Completed,Raymond Smith Jr.,0,Man — inferred (not on CAWP women roster),Greg Murphy,0,Man — inferred (not on CAWP women roster),Solid R,0.135000,0.865000,0.000000,Win probabilities normalized from Kalshi D/R raw prices. Win probabilities normalized from Kalshi D/R raw prices.,https://en.wikipedia.org/wiki/2026_United_States_House_of_Representatives_elections,https://www.270towin.com/2026-house-election/cook-political-report-2026-house-ratings,https://cawp.rutgers.edu/facts/elections-and-appointments/women-candidates-2026,0
2026-09-27,House,NC-4,North Carolina,Completed,Valerie Foushee,1,Woman — Rutgers CAWP roster,Max Ganorkar,0,Man — inferred (not on CAWP women roster),Solid D,0.958711,0.041289,0.958711,Win probabilities normalized from Kalshi D/R raw prices. Win probabilities normalized from Kalshi D/R raw prices.,https://en.wikipedia.org/wiki/2026_United_States_House_of_Representatives_elections,https://www.270towin.com/2026-house-election/cook-political-report-2026-house-ratings,https://cawp.rutgers.edu/facts/elections-and-appointments/women-candidates-2026,0
2026-09-27,House,NC-5,North Carolina,Completed,Chuck Hubbard,0,Man — inferred (not on CAWP women roster),Virginia Foxx,1,Woman — Rutgers CAWP roster,Solid R,0.102912,0.897088,0.897088,Win probabilities normalized from Kalshi D/R raw prices. Win probabilities normalized from Kalshi D/R raw prices.,https://en.wikipedia.org/wiki/2026_United_States_House_of_Representatives_elections,https://www.270towin.com/2026-house-election/cook-political-report-2026-house-ratings,https://cawp.rutgers.edu/facts/elections-and-appointments/women-candidates-2026,0
2026-09-27,House,NC-6,North Carolina,Completed,Cyril Jefferson,0,Man — inferred (not on CAWP women roster),Addison McDowell,0,Man — inferred (not on CAWP women roster),Solid R,0.085671,0.914329,0.000000,Win probabilities normalized from Kalshi D/R raw prices. Win probabilities normalized from Kalshi D/R raw prices.,https://en.wikipedia.org/wiki/2026_United_States_House_of_Representatives_elections,https://www.270towin.com/2026-house-election/cook-political-report-2026-house-ratings,https://cawp.rutgers.edu/facts/elections-and-appointments/women-candidates-2026,0
2026-09-27,House,NC-7,North Carolina,Completed,Kimberly Hardy,1,Woman — Rutgers CAWP roster (Kim Hardy name variant),David Rouzer,0,Man — inferred (not on CAWP women roster),Solid R,0.149254,0.850746,0.149254,Win probabilities normalized from Kalshi D/R raw prices. Win probabilities normalized from Kalshi D/R raw prices.,https://en.wikipedia.org/wiki/2026_United_States_House_of_Representatives_elections,https://www.270towin.com/2026-house-election/cook-political-report-2026-house-ratings,https://cawp.rutgers.edu/facts/elections-and-appointments/women-candidates-2026,0
2026-09-27,House,NC-8,North Carolina,Completed,Colby Watson,0,Man — inferred (not on CAWP women roster),Mark Harris,0,Man — inferred (not on CAWP women roster),Solid R,0.039718,0.960282,0.000000,Win probabilities normalized from Kalshi D/R raw prices. Win probabilities normalized from Kalshi D/R raw prices.,https://en.wikipedia.org/wiki/2026_United_States_House_of_Representatives_elections,https://www.270towin.com/2026-house-election/cook-political-report-2026-house-ratings,https://cawp.rutgers.edu/facts/elections-and-appointments/women-candidates-2026,0
2026-09-27,House,NC-9,North Carolina,Completed,Richard Ojeda,0,Man — inferred (not on CAWP women roster),Richard Hudson,0,Man — inferred (not on CAWP women roster),Solid R,0.218905,0.781095,0.000000,Win probabilities normalized from Kalshi D/R raw prices. Win probabilities normalized from Kalshi D/R raw prices.,https://en.wikipedia.org/wiki/2026_United_States_House_of_Representatives_elections,https://www.270towin.com/2026-house-election/cook-political-report-2026-house-ratings,https://cawp.rutgers.edu/facts/elections-and-appointments/women-candidates-2026,0
2026-09-27,House,NC-10,North Carolina,Completed,Ashley Bell,1,Woman — Rutgers CAWP roster,Pat Harrigan,0,Man — inferred (not on CAWP women roster),Solid R,0.055777,0.944223,0.055777,Win probabilities normalized from Kalshi D/R raw prices. Win probabilities normalized from Kalshi D/R raw prices.,https://en.wikipedia.org/wiki/2026_United_States_House_of_Representatives_elections,https://www.270towin.com/2026-house-election/cook-political-report-2026-house-ratings,https://cawp.rutgers.edu/facts/elections-and-appointments/women-candidates-2026,0
2026-08-20,House,NC-11,North Carolina,Completed / replacement nominee,Jamie Ager,0,Man — inferred (not on CAWP women roster),Jennifer Balkcom,1,Woman — Rutgers CAWP roster,Lean R,0.1,0.9,0.9,Jennifer Balkcom selected Aug. 10 as Republican replacement nominee after Chuck Edwards withdrew.,https://ballotpedia.org/Jennifer_Balkcom,https://www.270towin.com/2026-house-election/cook-political-report-2026-house-ratings,https://cawp.rutgers.edu/facts/elections-and-appointments/women-candidates-2026,0
2026-09-27,House,NC-12,North Carolina,Completed,Alma Adams,1,Woman — Rutgers CAWP roster,Jack Codiga,0,Man — inferred (not on CAWP women roster),Solid D,0.975745,0.024255,0.975745,Win probabilities normalized from Kalshi D/R raw prices. Win probabilities normalized from Kalshi D/R raw prices.,https://en.wikipedia.org/wiki/2026_United_States_House_of_Representatives_elections,https://www.270towin.com/2026-house-election/cook-political-report-2026-house-ratings,https://cawp.rutgers.edu/facts/elections-and-appointments/women-candidates-2026,0
2026-09-27,House,NC-13,North Carolina,Completed,Paul Barringer,0,Man — inferred (not on CAWP women roster),Brad Knott,0,Man — inferred (not on CAWP women roster),Solid R,0.135000,0.865000,0.000000,Win probabilities normalized from Kalshi D/R raw prices. Win probabilities normalized from Kalshi D/R raw prices.,https://en.wikipedia.org/wiki/2026_United_States_House_of_Representatives_elections,https://www.270towin.com/2026-house-election/cook-political-report-2026-house-ratings,https://cawp.rutgers.edu/facts/elections-and-appointments/women-candidates-2026,0
2026-09-27,House,NC-14,North Carolina,Completed,LaKesha Womack,1,Woman — Rutgers CAWP roster,Tim Moore,0,Man — inferred (not on CAWP women roster),Solid R,0.135000,0.865000,0.135000,Win probabilities normalized from Kalshi D/R raw prices. Win probabilities normalized from Kalshi D/R raw prices.,https://en.wikipedia.org/wiki/2026_United_States_House_of_Representatives_elections,https://www.270towin.com/2026-house-election/cook-political-report-2026-house-ratings,https://cawp.rutgers.edu/facts/elections-and-appointments/women-candidates-2026,0
2026-09-27,House,ND-AL,North Dakota,Completed,Trygve Hammer,0,Man — inferred (not on CAWP women roster),Julie Fedorchak,1,Woman — Rutgers CAWP roster,Solid R,0.018584,0.981416,0.981416,Win probabilities normalized from Kalshi D/R raw prices. Win probabilities normalized from Kalshi D/R raw prices.,https://en.wikipedia.org/wiki/2026_United_States_House_of_Representatives_elections,https://www.270towin.com/2026-house-election/cook-political-report-2026-house-ratings,https://cawp.rutgers.edu/facts/elections-and-appointments/women-candidates-2026,0
2026-08-22,House,OH-1,Ohio,Completed,Greg Landsman,0,Man — inferred (not on CAWP women roster),Eric Conroy,0,Man — inferred (not on CAWP women roster),Lean D,0.862245,0.137755,0.000000,Win probabilities normalized from Kalshi D/R raw prices. Win probabilities normalized from Kalshi D/R raw prices.,https://en.wikipedia.org/wiki/2026_United_States_House_of_Representatives_elections,https://www.270towin.com/2026-house-election/cook-political-report-2026-house-ratings,https://cawp.rutgers.edu/facts/elections-and-appointments/women-candidates-2026,0
2026-09-27,House,OH-2,Ohio,Completed,Jennifer Mazzuckelli,1,Woman — Rutgers CAWP roster (Jen Mazzuckelli name variant),David Taylor,0,Man — inferred (not on CAWP women roster),Solid R,0.023858,0.976142,0.023858,Win probabilities normalized from Kalshi D/R raw prices. Win probabilities normalized from Kalshi D/R raw prices.,https://en.wikipedia.org/wiki/2026_United_States_House_of_Representatives_elections,https://www.270towin.com/2026-house-election/cook-political-report-2026-house-ratings,https://cawp.rutgers.edu/facts/elections-and-appointments/women-candidates-2026,0
2026-09-27,House,OH-3,Ohio,Completed,Joyce Beatty,1,Woman — Rutgers CAWP roster,Cleophus Dulaney,0,Man — inferred (not on CAWP women roster),Solid D,0.968500,0.031500,0.968500,Win probabilities normalized from Kalshi D/R raw prices. Win probabilities normalized from Kalshi D/R raw prices.,https://en.wikipedia.org/wiki/2026_United_States_House_of_Representatives_elections,https://www.270towin.com/2026-house-election/cook-political-report-2026-house-ratings,https://cawp.rutgers.edu/facts/elections-and-appointments/women-candidates-2026,0
2026-09-27,House,OH-4,Ohio,Completed,Joshua Kolasinski,0,Man — inferred (not on CAWP women roster),Jim Jordan,0,Man — inferred (not on CAWP women roster),Solid R,0.045778,0.954222,0.000000,Win probabilities normalized from Kalshi D/R raw prices. Win probabilities normalized from Kalshi D/R raw prices.,https://en.wikipedia.org/wiki/2026_United_States_House_of_Representatives_elections,https://www.270towin.com/2026-house-election/cook-political-report-2026-house-ratings,https://cawp.rutgers.edu/facts/elections-and-appointments/women-candidates-2026,0
2026-09-27,House,OH-5,Ohio,Completed,Brian Shaver,0,Man — inferred (not on CAWP women roster),Bob Latta,0,Man — inferred (not on CAWP women roster),Solid R,0.054684,0.945316,0.000000,Win probabilities normalized from Kalshi D/R raw prices. Win probabilities normalized from Kalshi D/R raw prices.,https://en.wikipedia.org/wiki/2026_United_States_House_of_Representatives_elections,https://www.270towin.com/2026-house-election/cook-political-report-2026-house-ratings,https://cawp.rutgers.edu/facts/elections-and-appointments/women-candidates-2026,0
2026-09-27,House,OH-6,Ohio,Completed,Elizabeth Kirtley,1,Woman — Rutgers CAWP roster,Michael Rulli,0,Man — inferred (not on CAWP women roster),Solid R,0.045637,0.954363,0.045637,Win probabilities normalized from Kalshi D/R raw prices. Win probabilities normalized from Kalshi D/R raw prices.,https://en.wikipedia.org/wiki/2026_United_States_House_of_Representatives_elections,https://www.270towin.com/2026-house-election/cook-political-report-2026-house-ratings,https://cawp.rutgers.edu/facts/elections-and-appointments/women-candidates-2026,0
2026-09-27,House,OH-7,Ohio,Completed,Brian Poindexter,0,Man — inferred (not on CAWP women roster),Max Miller,0,Man — inferred (not on CAWP women roster),Toss-up,0.785000,0.215000,0.000000,Win probabilities normalized from Kalshi D/R raw prices. Win probabilities normalized from Kalshi D/R raw prices.,https://en.wikipedia.org/wiki/2026_United_States_House_of_Representatives_elections,https://www.270towin.com/2026-house-election/cook-political-report-2026-house-ratings,https://cawp.rutgers.edu/facts/elections-and-appointments/women-candidates-2026,0
2026-09-27,House,OH-8,Ohio,Completed,Vanessa Enoch,1,Woman — Rutgers CAWP roster,Warren Davidson,0,Man — inferred (not on CAWP women roster),Solid R,0.094236,0.905764,0.094236,Win probabilities normalized from Kalshi D/R raw prices. Win probabilities normalized from Kalshi D/R raw prices.,https://en.wikipedia.org/wiki/2026_United_States_House_of_Representatives_elections,https://www.270towin.com/2026-house-election/cook-political-report-2026-house-ratings,https://cawp.rutgers.edu/facts/elections-and-appointments/women-candidates-2026,0
2026-08-22,House,OH-9,Ohio,Completed,Marcy Kaptur,1,Woman — Rutgers CAWP roster,Derek Merrin,0,Man — inferred (not on CAWP women roster),Toss-up,0.686275,0.313725,0.686275,Win probabilities normalized from Kalshi D/R raw prices. Win probabilities normalized from Kalshi D/R raw prices.,https://en.wikipedia.org/wiki/2026_United_States_House_of_Representatives_elections,https://www.270towin.com/2026-house-election/cook-political-report-2026-house-ratings,https://cawp.rutgers.edu/facts/elections-and-appointments/women-candidates-2026,0
2026-09-27,House,OH-10,Ohio,Completed,Kristina Knickerbocker,1,Woman — Rutgers CAWP roster,Mike Turner,0,Man — inferred (not on CAWP women roster),Likely R,0.145000,0.855000,0.145000,Win probabilities normalized from Kalshi D/R raw prices. Win probabilities normalized from Kalshi D/R raw prices.,https://en.wikipedia.org/wiki/2026_United_States_House_of_Representatives_elections,https://www.270towin.com/2026-house-election/cook-political-report-2026-house-ratings,https://cawp.rutgers.edu/facts/elections-and-appointments/women-candidates-2026,0
2026-09-27,House,OH-11,Ohio,Completed,Shontel Brown,1,Woman — Rutgers CAWP roster,Mike Kirchner,0,Man — inferred (not on CAWP women roster),Solid D,0.972417,0.027583,0.972417,Win probabilities normalized from Kalshi D/R raw prices. Win probabilities normalized from Kalshi D/R raw prices.,https://en.wikipedia.org/wiki/2026_United_States_House_of_Representatives_elections,https://www.270towin.com/2026-house-election/cook-political-report-2026-house-ratings,https://cawp.rutgers.edu/facts/elections-and-appointments/women-candidates-2026,0
2026-09-27,House,OH-12,Ohio,Completed,Jerrad Christian,0,Man — inferred (not on CAWP women roster),Troy Balderson,0,Man — inferred (not on CAWP women roster),Solid R,0.049500,0.950500,0.000000,Win probabilities normalized from Kalshi D/R raw prices. Win probabilities normalized from Kalshi D/R raw prices.,https://en.wikipedia.org/wiki/2026_United_States_House_of_Representatives_elections,https://www.270towin.com/2026-house-election/cook-political-report-2026-house-ratings,https://cawp.rutgers.edu/facts/elections-and-appointments/women-candidates-2026,0
2026-08-22,House,OH-13,Ohio,Completed,Emilia Sykes,1,Woman — Rutgers CAWP roster,Carey Coleman,0,Man — inferred (not on CAWP women roster),Likely D,0.934706,0.065294,0.934706,Win probabilities normalized from Kalshi D/R raw prices. Win probabilities normalized from Kalshi D/R raw prices.,https://en.wikipedia.org/wiki/2026_United_States_House_of_Representatives_elections,https://www.270towin.com/2026-house-election/cook-political-report-2026-house-ratings,https://cawp.rutgers.edu/facts/elections-and-appointments/women-candidates-2026,0
2026-09-27,House,OH-14,Ohio,Completed,Maria Jukic,1,Woman — Rutgers CAWP roster,David Joyce,0,Man — inferred (not on CAWP women roster),Solid R,0.056727,0.943273,0.056727,Win probabilities normalized from Kalshi D/R raw prices. Win probabilities normalized from Kalshi D/R raw prices.,https://en.wikipedia.org/wiki/2026_United_States_House_of_Representatives_elections,https://www.270towin.com/2026-house-election/cook-political-report-2026-house-ratings,https://cawp.rutgers.edu/facts/elections-and-appointments/women-candidates-2026,0
2026-09-27,House,OH-15,Ohio,Completed,Don Leonard,0,Man — inferred (not on CAWP women roster),Mike Carey,0,Man — inferred (not on CAWP women roster),Likely R,0.240000,0.760000,0.000000,Win probabilities normalized from Kalshi D/R raw prices. Win probabilities normalized from Kalshi D/R raw prices.,https://en.wikipedia.org/wiki/2026_United_States_House_of_Representatives_elections,https://www.270towin.com/2026-house-election/cook-political-report-2026-house-ratings,https://cawp.rutgers.edu/facts/elections-and-appointments/women-candidates-2026,0
2026-09-27,House,OK-1,Oklahoma,Completed,John Croisant,0,Man — inferred (not on CAWP women roster),Mark Tedford,0,Man — inferred (not on CAWP women roster),Solid R,0.078071,0.921929,0.000000,Win probabilities normalized from Kalshi D/R raw prices. Win probabilities normalized from Kalshi D/R raw prices.,https://en.wikipedia.org/wiki/2026_United_States_House_of_Representatives_elections,https://www.270towin.com/2026-house-election/cook-political-report-2026-house-ratings,https://cawp.rutgers.edu/facts/elections-and-appointments/women-candidates-2026,0
2026-09-27,House,OK-2,Oklahoma,Completed,Brandon Wade,0,Man — inferred (not on CAWP women roster),Josh Brecheen,0,Man — inferred (not on CAWP women roster),Solid R,0.018032,0.981968,0.000000,Win probabilities normalized from Kalshi D/R raw prices. Win probabilities normalized from Kalshi D/R raw prices.,https://en.wikipedia.org/wiki/2026_United_States_House_of_Representatives_elections,https://www.270towin.com/2026-house-election/cook-political-report-2026-house-ratings,https://cawp.rutgers.edu/facts/elections-and-appointments/women-candidates-2026,0
2026-09-27,House,OK-3,Oklahoma,Completed,Suzie Byrd,1,Woman — Rutgers CAWP roster,Frank Lucas,0,Man — inferred (not on CAWP women roster),Solid R,0.023571,0.976429,0.023571,Win probabilities normalized from Kalshi D/R raw prices. Win probabilities normalized from Kalshi D/R raw prices.,https://en.wikipedia.org/wiki/2026_United_States_House_of_Representatives_elections,https://www.270towin.com/2026-house-election/cook-political-report-2026-house-ratings,https://cawp.rutgers.edu/facts/elections-and-appointments/women-candidates-2026,0
2026-09-27,House,OK-4,Oklahoma,Completed,Mitchell Jacob,0,Man — inferred (not on CAWP women roster),Tom Cole,0,Man — inferred (not on CAWP women roster),Solid R,0.055083,0.944917,0.000000,Win probabilities normalized from Kalshi D/R raw prices. Win probabilities normalized from Kalshi D/R raw prices.,https://en.wikipedia.org/wiki/2026_United_States_House_of_Representatives_elections,https://www.270towin.com/2026-house-election/cook-political-report-2026-house-ratings,https://cawp.rutgers.edu/facts/elections-and-appointments/women-candidates-2026,0
2026-09-27,House,OK-5,Oklahoma,Completed,Jena Nelson,1,Woman — Rutgers CAWP roster,Stephanie Bice,1,Woman — Rutgers CAWP roster,Solid R,0.135678,0.864322,1.000000,Win probabilities normalized from Kalshi D/R raw prices. Win probabilities normalized from Kalshi D/R raw prices.,https://en.wikipedia.org/wiki/2026_United_States_House_of_Representatives_elections,https://www.270towin.com/2026-house-election/cook-political-report-2026-house-ratings,https://cawp.rutgers.edu/facts/elections-and-appointments/women-candidates-2026,0
2026-09-27,House,OR-1,Oregon,Completed,Suzanne Bonamici,1,Woman — Rutgers CAWP roster,Barbara Kahl,1,Woman — Rutgers CAWP roster,Solid D,0.962283,0.037717,1.000000,Win probabilities normalized from Kalshi D/R raw prices. Win probabilities normalized from Kalshi D/R raw prices.,https://en.wikipedia.org/wiki/2026_United_States_House_of_Representatives_elections,https://www.270towin.com/2026-house-election/cook-political-report-2026-house-ratings,https://cawp.rutgers.edu/facts/elections-and-appointments/women-candidates-2026,0
2026-09-27,House,OR-2,Oregon,Completed,Chris Beck,0,Man — inferred (not on CAWP women roster),Cliff Bentz,0,Man — inferred (not on CAWP women roster),Solid R,0.055891,0.944109,0.000000,Win probabilities normalized from Kalshi D/R raw prices. Win probabilities normalized from Kalshi D/R raw prices.,https://en.wikipedia.org/wiki/2026_United_States_House_of_Representatives_elections,https://www.270towin.com/2026-house-election/cook-political-report-2026-house-ratings,https://cawp.rutgers.edu/facts/elections-and-appointments/women-candidates-2026,0
2026-09-27,House,OR-3,Oregon,Completed,Maxine Dexter,1,Woman — Rutgers CAWP roster,Loran Ayles,0,Man — inferred (not on CAWP women roster),Solid D,0.962551,0.037449,0.962551,Win probabilities normalized from Kalshi D/R raw prices. Win probabilities normalized from Kalshi D/R raw prices.,https://en.wikipedia.org/wiki/2026_United_States_House_of_Representatives_elections,https://www.270towin.com/2026-house-election/cook-political-report-2026-house-ratings,https://cawp.rutgers.edu/facts/elections-and-appointments/women-candidates-2026,0
2026-09-27,House,OR-4,Oregon,Completed,Val Hoyle,1,Woman — Rutgers CAWP roster,Monique DeSpain,1,Woman — Rutgers CAWP roster,Solid D,0.944335,0.055665,1.000000,Win probabilities normalized from Kalshi D/R raw prices. Win probabilities normalized from Kalshi D/R raw prices.,https://en.wikipedia.org/wiki/2026_United_States_House_of_Representatives_elections,https://www.270towin.com/2026-house-election/cook-political-report-2026-house-ratings,https://cawp.rutgers.edu/facts/elections-and-appointments/women-candidates-2026,0
2026-08-22,House,OR-5,Oregon,Completed,Janelle Bynum,1,Woman — Rutgers CAWP roster,Patti Adair,1,Woman — Rutgers CAWP roster,Solid D,0.948448,0.051552,1.000000,Win probabilities normalized from Kalshi D/R raw prices. Win probabilities normalized from Kalshi D/R raw prices.,https://en.wikipedia.org/wiki/2026_United_States_House_of_Representatives_elections,https://www.270towin.com/2026-house-election/cook-political-report-2026-house-ratings,https://cawp.rutgers.edu/facts/elections-and-appointments/women-candidates-2026,0
2026-09-27,House,OR-6,Oregon,Completed,Andrea Salinas,1,Woman — Rutgers CAWP roster,David Russ,0,Man — inferred (not on CAWP women roster),Solid D,0.953593,0.046407,0.953593,Win probabilities normalized from Kalshi D/R raw prices. Win probabilities normalized from Kalshi D/R raw prices.,https://en.wikipedia.org/wiki/2026_United_States_House_of_Representatives_elections,https://www.270towin.com/2026-house-election/cook-political-report-2026-house-ratings,https://cawp.rutgers.edu/facts/elections-and-appointments/women-candidates-2026,0
2026-08-22,House,PA-1,Pennsylvania,Completed,Bob Harvie,0,Man — inferred (not on CAWP women roster),Brian Fitzpatrick,0,Man — inferred (not on CAWP women roster),Likely R,0.639175,0.360825,0.000000,Win probabilities normalized from Kalshi D/R raw prices. Win probabilities normalized from Kalshi D/R raw prices.,https://en.wikipedia.org/wiki/2026_United_States_House_of_Representatives_elections,https://www.270towin.com/2026-house-election/cook-political-report-2026-house-ratings,https://cawp.rutgers.edu/facts/elections-and-appointments/women-candidates-2026,0
2026-09-27,House,PA-2,Pennsylvania,Completed,Brendan Boyle,0,Man — inferred (not on CAWP women roster),Jessica Arriaga,1,Woman — Rutgers CAWP roster,Solid D,0.976896,0.023104,0.023104,Win probabilities normalized from Kalshi D/R raw prices. Win probabilities normalized from Kalshi D/R raw prices.,https://en.wikipedia.org/wiki/2026_United_States_House_of_Representatives_elections,https://www.270towin.com/2026-house-election/cook-political-report-2026-house-ratings,https://cawp.rutgers.edu/facts/elections-and-appointments/women-candidates-2026,0
2026-09-27,House,PA-3,Pennsylvania,Completed,Chris Rabb,0,Man — inferred (not on CAWP women roster),None/Minor,0,No Republican filer; minor-party or no opponent,Solid D,0.976322,0.023678,0.000000,No Republican general-election candidate listed Win probabilities normalized from Kalshi D/R raw prices. Win probabilities normalized from Kalshi D/R raw prices.,https://en.wikipedia.org/wiki/2026_United_States_House_of_Representatives_elections,https://www.270towin.com/2026-house-election/cook-political-report-2026-house-ratings,https://cawp.rutgers.edu/facts/elections-and-appointments/women-candidates-2026,0
2026-09-27,House,PA-4,Pennsylvania,Completed,Madeleine Dean,1,Woman — Rutgers CAWP roster,Aurora Stuski,1,Woman — Rutgers CAWP roster,Solid D,0.949673,0.050327,1.000000,Win probabilities normalized from Kalshi D/R raw prices. Win probabilities normalized from Kalshi D/R raw prices.,https://en.wikipedia.org/wiki/2026_United_States_House_of_Representatives_elections,https://www.270towin.com/2026-house-election/cook-political-report-2026-house-ratings,https://cawp.rutgers.edu/facts/elections-and-appointments/women-candidates-2026,0
2026-09-27,House,PA-5,Pennsylvania,Completed,Mary Gay Scanlon,1,Woman — Rutgers CAWP roster,Nicholas Manganaro,0,Man — inferred (not on CAWP women roster),Solid D,0.981735,0.018265,0.981735,Win probabilities normalized from Kalshi D/R raw prices. Win probabilities normalized from Kalshi D/R raw prices.,https://en.wikipedia.org/wiki/2026_United_States_House_of_Representatives_elections,https://www.270towin.com/2026-house-election/cook-political-report-2026-house-ratings,https://cawp.rutgers.edu/facts/elections-and-appointments/women-candidates-2026,0
2026-09-27,House,PA-6,Pennsylvania,Completed,Chrissy Houlahan,1,Woman — Rutgers CAWP roster,Marty Young,0,Man — inferred (not on CAWP women roster),Solid D,0.969454,0.030546,0.969454,Win probabilities normalized from Kalshi D/R raw prices. Win probabilities normalized from Kalshi D/R raw prices.,https://en.wikipedia.org/wiki/2026_United_States_House_of_Representatives_elections,https://www.270towin.com/2026-house-election/cook-political-report-2026-house-ratings,https://cawp.rutgers.edu/facts/elections-and-appointments/women-candidates-2026,0
2026-08-22,House,PA-7,Pennsylvania,Completed,Bob Brooks,0,Man — inferred (not on CAWP women roster),Ryan Mackenzie,0,Man — inferred (not on CAWP women roster),Toss-up,0.758794,0.241206,0.000000,Win probabilities normalized from Kalshi D/R raw prices. Win probabilities normalized from Kalshi D/R raw prices.,https://en.wikipedia.org/wiki/2026_United_States_House_of_Representatives_elections,https://www.270towin.com/2026-house-election/cook-political-report-2026-house-ratings,https://cawp.rutgers.edu/facts/elections-and-appointments/women-candidates-2026,0
2026-08-22,House,PA-8,Pennsylvania,Completed,Paige Cognetti,1,Woman — Rutgers CAWP roster,Rob Bresnahan,0,Man — inferred (not on CAWP women roster),Toss-up,0.724490,0.275510,0.724490,Win probabilities normalized from Kalshi D/R raw prices. Win probabilities normalized from Kalshi D/R raw prices.,https://en.wikipedia.org/wiki/2026_United_States_House_of_Representatives_elections,https://www.270towin.com/2026-house-election/cook-political-report-2026-house-ratings,https://cawp.rutgers.edu/facts/elections-and-appointments/women-candidates-2026,0
2026-09-27,House,PA-9,Pennsylvania,Completed,Rachel Wallace,1,Woman — Rutgers CAWP roster,Dan Meuser,0,Man — inferred (not on CAWP women roster),Solid R,0.062093,0.937907,0.062093,Win probabilities normalized from Kalshi D/R raw prices. Win probabilities normalized from Kalshi D/R raw prices.,https://en.wikipedia.org/wiki/2026_United_States_House_of_Representatives_elections,https://www.270towin.com/2026-house-election/cook-political-report-2026-house-ratings,https://cawp.rutgers.edu/facts/elections-and-appointments/women-candidates-2026,0
2026-08-22,House,PA-10,Pennsylvania,Completed,Janelle Stelson,1,Woman — Rutgers CAWP roster,Scott Perry,0,Man — inferred (not on CAWP women roster),Toss-up,0.757282,0.242718,0.757282,Win probabilities normalized from Kalshi D/R raw prices. Win probabilities normalized from Kalshi D/R raw prices.,https://en.wikipedia.org/wiki/2026_United_States_House_of_Representatives_elections,https://www.270towin.com/2026-house-election/cook-political-report-2026-house-ratings,https://cawp.rutgers.edu/facts/elections-and-appointments/women-candidates-2026,0
2026-09-27,House,PA-11,Pennsylvania,Completed,Nancy Mannion,1,Woman — Rutgers CAWP roster,Lloyd Smucker,0,Man — inferred (not on CAWP women roster),Solid R,0.075038,0.924962,0.075038,Win probabilities normalized from Kalshi D/R raw prices. Win probabilities normalized from Kalshi D/R raw prices.,https://en.wikipedia.org/wiki/2026_United_States_House_of_Representatives_elections,https://www.270towin.com/2026-house-election/cook-political-report-2026-house-ratings,https://cawp.rutgers.edu/facts/elections-and-appointments/women-candidates-2026,0
2026-09-27,House,PA-12,Pennsylvania,Completed,Summer Lee,1,Woman — Rutgers CAWP roster,James Hayes,0,Man — inferred (not on CAWP women roster),Solid D,0.957372,0.042628,0.957372,Win probabilities normalized from Kalshi D/R raw prices. Win probabilities normalized from Kalshi D/R raw prices.,https://en.wikipedia.org/wiki/2026_United_States_House_of_Representatives_elections,https://www.270towin.com/2026-house-election/cook-political-report-2026-house-ratings,https://cawp.rutgers.edu/facts/elections-and-appointments/women-candidates-2026,0
2026-09-27,House,PA-13,Pennsylvania,Completed,Beth Farnham,1,Woman — Rutgers CAWP roster,John Joyce,0,Man — inferred (not on CAWP women roster),Solid R,0.054609,0.945391,0.054609,Win probabilities normalized from Kalshi D/R raw prices. Win probabilities normalized from Kalshi D/R raw prices.,https://en.wikipedia.org/wiki/2026_United_States_House_of_Representatives_elections,https://www.270towin.com/2026-house-election/cook-political-report-2026-house-ratings,https://cawp.rutgers.edu/facts/elections-and-appointments/women-candidates-2026,0
2026-09-27,House,PA-14,Pennsylvania,Completed,Alan Bradstock,0,Man — inferred (not on CAWP women roster),Guy Reschenthaler,0,Man — inferred (not on CAWP women roster),Solid R,0.053688,0.946312,0.000000,Win probabilities normalized from Kalshi D/R raw prices. Win probabilities normalized from Kalshi D/R raw prices.,https://en.wikipedia.org/wiki/2026_United_States_House_of_Representatives_elections,https://www.270towin.com/2026-house-election/cook-political-report-2026-house-ratings,https://cawp.rutgers.edu/facts/elections-and-appointments/women-candidates-2026,0
2026-09-27,House,PA-15,Pennsylvania,Completed,Ray Bilger,0,Man — inferred (not on CAWP women roster),Glenn Thompson,0,Man — inferred (not on CAWP women roster),Solid R,0.041874,0.958126,0.000000,Win probabilities normalized from Kalshi D/R raw prices. Win probabilities normalized from Kalshi D/R raw prices.,https://en.wikipedia.org/wiki/2026_United_States_House_of_Representatives_elections,https://www.270towin.com/2026-house-election/cook-political-report-2026-house-ratings,https://cawp.rutgers.edu/facts/elections-and-appointments/women-candidates-2026,0
2026-09-27,House,PA-16,Pennsylvania,Completed,Justin Wagner,0,Man — inferred (not on CAWP women roster),Mike Kelly,0,Man — inferred (not on CAWP women roster),Solid R,0.073245,0.926755,0.000000,Win probabilities normalized from Kalshi D/R raw prices. Win probabilities normalized from Kalshi D/R raw prices.,https://en.wikipedia.org/wiki/2026_United_States_House_of_Representatives_elections,https://www.270towin.com/2026-house-election/cook-political-report-2026-house-ratings,https://cawp.rutgers.edu/facts/elections-and-appointments/women-candidates-2026,0
2026-08-22,House,PA-17,Pennsylvania,Completed,Chris Deluzio,0,Man — inferred (not on CAWP women roster),Tony Guy,0,Man — inferred (not on CAWP women roster),Solid D,0.941538,0.058462,0.000000,Win probabilities normalized from Kalshi D/R raw prices. Win probabilities normalized from Kalshi D/R raw prices.,https://en.wikipedia.org/wiki/2026_United_States_House_of_Representatives_elections,https://www.270towin.com/2026-house-election/cook-political-report-2026-house-ratings,https://cawp.rutgers.edu/facts/elections-and-appointments/women-candidates-2026,0
2026-09-27,House,RI-1,Rhode Island,Future primary,Gabe Amo,0,Man — inferred (not on CAWP women roster),Unknown,0,Unknown candidate → 0,Solid D,0.975867,0.024133,0.000000,Incumbent running; other party unknown Win probabilities normalized from Kalshi D/R raw prices. Win probabilities normalized from Kalshi D/R raw prices.,https://en.wikipedia.org/wiki/2026_United_States_House_of_Representatives_elections,https://www.270towin.com/2026-house-election/cook-political-report-2026-house-ratings,https://cawp.rutgers.edu/facts/elections-and-appointments/women-candidates-2026,0
2026-09-27,House,RI-2,Rhode Island,Future primary,Seth Magaziner,0,Man — inferred (not on CAWP women roster),Unknown,0,Unknown candidate → 0,Solid D,0.968813,0.031187,0.000000,Incumbent running; other party unknown Win probabilities normalized from Kalshi D/R raw prices. Win probabilities normalized from Kalshi D/R raw prices.,https://en.wikipedia.org/wiki/2026_United_States_House_of_Representatives_elections,https://www.270towin.com/2026-house-election/cook-political-report-2026-house-ratings,https://cawp.rutgers.edu/facts/elections-and-appointments/women-candidates-2026,0
2026-09-27,House,SC-1,South Carolina,Completed,Nancy Lacore,1,Woman — Rutgers CAWP roster,Jenny Costa Honeycutt,1,Woman — Rutgers CAWP roster (Jenna Honeycutt name variant),Likely R,0.276382,0.723618,1.000000,Win probabilities normalized from Kalshi D/R raw prices. Win probabilities normalized from Kalshi D/R raw prices.,https://en.wikipedia.org/wiki/2026_United_States_House_of_Representatives_elections,https://www.270towin.com/2026-house-election/cook-political-report-2026-house-ratings,https://cawp.rutgers.edu/facts/elections-and-appointments/women-candidates-2026,0
2026-09-27,House,SC-2,South Carolina,Completed,Zyon Khalifa,0,Man — inferred (not on CAWP women roster),Joe Wilson,0,Man — inferred (not on CAWP women roster),Solid R,0.073849,0.926151,0.000000,Win probabilities normalized from Kalshi D/R raw prices. Win probabilities normalized from Kalshi D/R raw prices.,https://en.wikipedia.org/wiki/2026_United_States_House_of_Representatives_elections,https://www.270towin.com/2026-house-election/cook-political-report-2026-house-ratings,https://cawp.rutgers.edu/facts/elections-and-appointments/women-candidates-2026,0
2026-09-27,House,SC-3,South Carolina,Completed,Eunice Lehmacher,1,Woman — Rutgers CAWP roster,Sheri Biggs,1,Woman — Rutgers CAWP roster,Solid R,0.049451,0.950549,1.000000,Win probabilities normalized from Kalshi D/R raw prices. Win probabilities normalized from Kalshi D/R raw prices.,https://en.wikipedia.org/wiki/2026_United_States_House_of_Representatives_elections,https://www.270towin.com/2026-house-election/cook-political-report-2026-house-ratings,https://cawp.rutgers.edu/facts/elections-and-appointments/women-candidates-2026,0
2026-09-27,House,SC-4,South Carolina,Completed,Courtney McClain,1,Woman — Rutgers CAWP roster,William Timmons,0,Man — inferred (not on CAWP women roster),Solid R,0.045478,0.954522,0.045478,Win probabilities normalized from Kalshi D/R raw prices. Win probabilities normalized from Kalshi D/R raw prices.,https://en.wikipedia.org/wiki/2026_United_States_House_of_Representatives_elections,https://www.270towin.com/2026-house-election/cook-political-report-2026-house-ratings,https://cawp.rutgers.edu/facts/elections-and-appointments/women-candidates-2026,0
2026-09-27,House,SC-5,South Carolina,Completed,Mallory Dittmer,1,Woman — Rutgers CAWP roster,Wes Climer,0,Man — inferred (not on CAWP women roster),Solid R,0.081337,0.918663,0.081337,Win probabilities normalized from Kalshi D/R raw prices. Win probabilities normalized from Kalshi D/R raw prices.,https://en.wikipedia.org/wiki/2026_United_States_House_of_Representatives_elections,https://www.270towin.com/2026-house-election/cook-political-report-2026-house-ratings,https://cawp.rutgers.edu/facts/elections-and-appointments/women-candidates-2026,0
2026-09-27,House,SC-6,South Carolina,Completed,Jim Clyburn,0,Man — inferred (not on CAWP women roster),John Peterson,0,Man — inferred (not on CAWP women roster),Solid D,0.976370,0.023630,0.000000,Win probabilities normalized from Kalshi D/R raw prices. Win probabilities normalized from Kalshi D/R raw prices.,https://en.wikipedia.org/wiki/2026_United_States_House_of_Representatives_elections,https://www.270towin.com/2026-house-election/cook-political-report-2026-house-ratings,https://cawp.rutgers.edu/facts/elections-and-appointments/women-candidates-2026,0
2026-09-27,House,SC-7,South Carolina,Completed,John Vincent,0,Man — inferred (not on CAWP women roster),Russell Fry,0,Man — inferred (not on CAWP women roster),Solid R,0.068828,0.931172,0.000000,Win probabilities normalized from Kalshi D/R raw prices. Win probabilities normalized from Kalshi D/R raw prices.,https://en.wikipedia.org/wiki/2026_United_States_House_of_Representatives_elections,https://www.270towin.com/2026-house-election/cook-political-report-2026-house-ratings,https://cawp.rutgers.edu/facts/elections-and-appointments/women-candidates-2026,0
2026-09-27,House,SD-AL,South Dakota,Completed,Nikki Gronli,1,Woman — Rutgers CAWP roster,Marty Jackley,0,Man — inferred (not on CAWP women roster),Solid R,0.049025,0.950975,0.049025,Win probabilities normalized from Kalshi D/R raw prices. Win probabilities normalized from Kalshi D/R raw prices.,https://en.wikipedia.org/wiki/2026_United_States_House_of_Representatives_elections,https://www.270towin.com/2026-house-election/cook-political-report-2026-house-ratings,https://cawp.rutgers.edu/facts/elections-and-appointments/women-candidates-2026,0
2026-09-27,House,TN-1,Tennessee,Completed,Kristi Burke,1,Woman — Rutgers CAWP roster,Diana Harshbarger,1,Woman — Rutgers CAWP roster,Solid R,0.037425,0.962575,1.000000,Win probabilities normalized from Kalshi D/R raw prices. Win probabilities normalized from Kalshi D/R raw prices.,https://en.wikipedia.org/wiki/2026_United_States_House_of_Representatives_elections,https://www.270towin.com/2026-house-election/cook-political-report-2026-house-ratings,https://cawp.rutgers.edu/facts/elections-and-appointments/women-candidates-2026,0
2026-09-27,House,TN-2,Tennessee,Completed,Michaela Barnett,1,Woman — Rutgers CAWP roster,Tim Burchett,0,Man — inferred (not on CAWP women roster),Solid R,0.053500,0.946500,0.053500,Win probabilities normalized from Kalshi D/R raw prices. Win probabilities normalized from Kalshi D/R raw prices.,https://en.wikipedia.org/wiki/2026_United_States_House_of_Representatives_elections,https://www.270towin.com/2026-house-election/cook-political-report-2026-house-ratings,https://cawp.rutgers.edu/facts/elections-and-appointments/women-candidates-2026,0
2026-09-27,House,TN-3,Tennessee,Completed,Anna Golladay,1,Woman — Rutgers CAWP roster,Chuck Fleischmann,0,Man — inferred (not on CAWP women roster),Solid R,0.040384,0.959616,0.040384,Win probabilities normalized from Kalshi D/R raw prices. Win probabilities normalized from Kalshi D/R raw prices.,https://en.wikipedia.org/wiki/2026_United_States_House_of_Representatives_elections,https://www.270towin.com/2026-house-election/cook-political-report-2026-house-ratings,https://cawp.rutgers.edu/facts/elections-and-appointments/women-candidates-2026,0
2026-09-27,House,TN-4,Tennessee,Completed,Victoria Broderick,1,Woman — Rutgers CAWP roster,Scott DesJarlais,0,Man — inferred (not on CAWP women roster),Solid R,0.021234,0.978766,0.021234,Win probabilities normalized from Kalshi D/R raw prices. Win probabilities normalized from Kalshi D/R raw prices.,https://en.wikipedia.org/wiki/2026_United_States_House_of_Representatives_elections,https://www.270towin.com/2026-house-election/cook-political-report-2026-house-ratings,https://cawp.rutgers.edu/facts/elections-and-appointments/women-candidates-2026,0
2026-09-27,House,TN-5,Tennessee,Completed,Chaz Molder,0,Man — inferred (not on CAWP women roster),Charlie Hatcher,0,Man — inferred (not on CAWP women roster),Solid R,0.089313,0.910687,0.000000,Win probabilities normalized from Kalshi D/R raw prices. Win probabilities normalized from Kalshi D/R raw prices.,https://en.wikipedia.org/wiki/2026_United_States_House_of_Representatives_elections,https://www.270towin.com/2026-house-election/cook-political-report-2026-house-ratings,https://cawp.rutgers.edu/facts/elections-and-appointments/women-candidates-2026,0
2026-09-27,House,TN-6,Tennessee,Completed,Mike Croley,0,Man — inferred (not on CAWP women roster),Johnny Garrett,0,Man — inferred (not on CAWP women roster),Solid R,0.055306,0.944694,0.000000,Win probabilities normalized from Kalshi D/R raw prices. Win probabilities normalized from Kalshi D/R raw prices.,https://en.wikipedia.org/wiki/2026_United_States_House_of_Representatives_elections,https://www.270towin.com/2026-house-election/cook-political-report-2026-house-ratings,https://cawp.rutgers.edu/facts/elections-and-appointments/women-candidates-2026,0
2026-09-27,House,TN-7,Tennessee,Completed,Darden Copeland,0,Man — inferred (not on CAWP women roster),Matt Van Epps,0,Man — inferred (not on CAWP women roster),Solid R,0.069744,0.930256,0.000000,Win probabilities normalized from Kalshi D/R raw prices. Win probabilities normalized from Kalshi D/R raw prices.,https://en.wikipedia.org/wiki/2026_United_States_House_of_Representatives_elections,https://www.270towin.com/2026-house-election/cook-political-report-2026-house-ratings,https://cawp.rutgers.edu/facts/elections-and-appointments/women-candidates-2026,0
2026-09-27,House,TN-8,Tennessee,Completed,Heidi Kuhn,1,Woman — Rutgers CAWP roster,David Kustoff,0,Man — inferred (not on CAWP women roster),Solid R,0.045524,0.954476,0.045524,Win probabilities normalized from Kalshi D/R raw prices. Win probabilities normalized from Kalshi D/R raw prices.,https://en.wikipedia.org/wiki/2026_United_States_House_of_Representatives_elections,https://www.270towin.com/2026-house-election/cook-political-report-2026-house-ratings,https://cawp.rutgers.edu/facts/elections-and-appointments/women-candidates-2026,0
2026-09-27,House,TN-9,Tennessee,Completed,Justin Pearson,0,Man — inferred (not on CAWP women roster),Brent Taylor,0,Man — inferred (not on CAWP women roster),Solid R,0.125628,0.874372,0.000000,Win probabilities normalized from Kalshi D/R raw prices. Win probabilities normalized from Kalshi D/R raw prices.,https://en.wikipedia.org/wiki/2026_United_States_House_of_Representatives_elections,https://www.270towin.com/2026-house-election/cook-political-report-2026-house-ratings,https://cawp.rutgers.edu/facts/elections-and-appointments/women-candidates-2026,0
2026-09-27,House,TX-1,Texas,Completed,Yolanda Prince,1,Woman — Rutgers CAWP roster,Nathaniel Moran,0,Man — inferred (not on CAWP women roster),Solid R,0.025928,0.974072,0.025928,Win probabilities normalized from Kalshi D/R raw prices. Win probabilities normalized from Kalshi D/R raw prices.,https://en.wikipedia.org/wiki/2026_United_States_House_of_Representatives_elections,https://www.270towin.com/2026-house-election/cook-political-report-2026-house-ratings,https://cawp.rutgers.edu/facts/elections-and-appointments/women-candidates-2026,0
2026-09-27,House,TX-2,Texas,Completed,Shaun Finnie,0,Man — inferred (not on CAWP women roster),Steve Toth,0,Man — inferred (not on CAWP women roster),Solid R,0.060939,0.939061,0.000000,Win probabilities normalized from Kalshi D/R raw prices. Win probabilities normalized from Kalshi D/R raw prices.,https://en.wikipedia.org/wiki/2026_United_States_House_of_Representatives_elections,https://www.270towin.com/2026-house-election/cook-political-report-2026-house-ratings,https://cawp.rutgers.edu/facts/elections-and-appointments/women-candidates-2026,0
2026-09-27,House,TX-3,Texas,Completed,Evan Hunt,0,Man — inferred (not on CAWP women roster),Keith Self,0,Man — inferred (not on CAWP women roster),Solid R,0.042607,0.957393,0.000000,Win probabilities normalized from Kalshi D/R raw prices. Win probabilities normalized from Kalshi D/R raw prices.,https://en.wikipedia.org/wiki/2026_United_States_House_of_Representatives_elections,https://www.270towin.com/2026-house-election/cook-political-report-2026-house-ratings,https://cawp.rutgers.edu/facts/elections-and-appointments/women-candidates-2026,0
2026-09-27,House,TX-4,Texas,Completed,Jason Pearce,0,Man — inferred (not on CAWP women roster),Pat Fallon,0,Man — inferred (not on CAWP women roster),Solid R,0.055162,0.944838,0.000000,Win probabilities normalized from Kalshi D/R raw prices. Win probabilities normalized from Kalshi D/R raw prices.,https://en.wikipedia.org/wiki/2026_United_States_House_of_Representatives_elections,https://www.270towin.com/2026-house-election/cook-political-report-2026-house-ratings,https://cawp.rutgers.edu/facts/elections-and-appointments/women-candidates-2026,0
2026-09-27,House,TX-5,Texas,Completed,Chelsey Hockett,1,Woman — Rutgers CAWP roster,Lance Gooden,0,Man — inferred (not on CAWP women roster),Solid R,0.023209,0.976791,0.023209,Win probabilities normalized from Kalshi D/R raw prices. Win probabilities normalized from Kalshi D/R raw prices.,https://en.wikipedia.org/wiki/2026_United_States_House_of_Representatives_elections,https://www.270towin.com/2026-house-election/cook-political-report-2026-house-ratings,https://cawp.rutgers.edu/facts/elections-and-appointments/women-candidates-2026,0
2026-09-27,House,TX-6,Texas,Completed,Danny Minton,0,Man — inferred (not on CAWP women roster),Jake Ellzey,0,Man — inferred (not on CAWP women roster),Solid R,0.047355,0.952645,0.000000,Win probabilities normalized from Kalshi D/R raw prices. Win probabilities normalized from Kalshi D/R raw prices.,https://en.wikipedia.org/wiki/2026_United_States_House_of_Representatives_elections,https://www.270towin.com/2026-house-election/cook-political-report-2026-house-ratings,https://cawp.rutgers.edu/facts/elections-and-appointments/women-candidates-2026,0
2026-09-27,House,TX-7,Texas,Completed,Lizzie Fletcher,1,Woman — Rutgers CAWP roster (Elizabeth Fletcher name variant),Alexander Hale,0,Man — inferred (not on CAWP women roster),Solid D,0.964032,0.035968,0.964032,Win probabilities normalized from Kalshi D/R raw prices. Win probabilities normalized from Kalshi D/R raw prices.,https://en.wikipedia.org/wiki/2026_United_States_House_of_Representatives_elections,https://www.270towin.com/2026-house-election/cook-political-report-2026-house-ratings,https://cawp.rutgers.edu/facts/elections-and-appointments/women-candidates-2026,0
2026-09-27,House,TX-8,Texas,Completed,Laura Jones,1,Woman — Rutgers CAWP roster,Jessica Hart Steinmann,1,Woman — Rutgers CAWP roster,Solid R,0.039540,0.960460,1.000000,Win probabilities normalized from Kalshi D/R raw prices. Win probabilities normalized from Kalshi D/R raw prices.,https://en.wikipedia.org/wiki/2026_United_States_House_of_Representatives_elections,https://www.270towin.com/2026-house-election/cook-political-report-2026-house-ratings,https://cawp.rutgers.edu/facts/elections-and-appointments/women-candidates-2026,0
2026-08-20,House,TX-9,Texas,Completed,Leticia Gutierrez,1,Woman — Rutgers CAWP roster,Alex Mealer,1,Woman — Rutgers CAWP roster,Solid R,0,1,1,,https://en.wikipedia.org/wiki/2026_United_States_House_of_Representatives_elections,https://www.270towin.com/2026-house-election/cook-political-report-2026-house-ratings,https://cawp.rutgers.edu/facts/elections-and-appointments/women-candidates-2026,0
2026-09-27,House,TX-10,Texas,Completed,Caitlin Rourk,1,Woman — Rutgers CAWP roster,Chris Gober,0,Man — inferred (not on CAWP women roster),Solid R,0.076807,0.923193,0.076807,Win probabilities normalized from Kalshi D/R raw prices. Win probabilities normalized from Kalshi D/R raw prices.,https://en.wikipedia.org/wiki/2026_United_States_House_of_Representatives_elections,https://www.270towin.com/2026-house-election/cook-political-report-2026-house-ratings,https://cawp.rutgers.edu/facts/elections-and-appointments/women-candidates-2026,0
2026-09-27,House,TX-11,Texas,Completed,Claire Reynolds,1,Woman — Rutgers CAWP roster,August Pfluger,0,Man — inferred (not on CAWP women roster),Solid R,0.050277,0.949723,0.050277,Win probabilities normalized from Kalshi D/R raw prices. Win probabilities normalized from Kalshi D/R raw prices.,https://en.wikipedia.org/wiki/2026_United_States_House_of_Representatives_elections,https://www.270towin.com/2026-house-election/cook-political-report-2026-house-ratings,https://cawp.rutgers.edu/facts/elections-and-appointments/women-candidates-2026,0
2026-09-27,House,TX-12,Texas,Completed,Angela Rodriguez Prilliman,1,Woman — Rutgers CAWP roster,Craig Goldman,0,Man — inferred (not on CAWP women roster),Solid R,0.061747,0.938253,0.061747,Win probabilities normalized from Kalshi D/R raw prices. Win probabilities normalized from Kalshi D/R raw prices.,https://en.wikipedia.org/wiki/2026_United_States_House_of_Representatives_elections,https://www.270towin.com/2026-house-election/cook-political-report-2026-house-ratings,https://cawp.rutgers.edu/facts/elections-and-appointments/women-candidates-2026,0
2026-09-27,House,TX-13,Texas,Completed,Mark Nair,0,Man — inferred (not on CAWP women roster),Ronny Jackson,0,Man — inferred (not on CAWP women roster),Solid R,0.034623,0.965377,0.000000,Win probabilities normalized from Kalshi D/R raw prices. Win probabilities normalized from Kalshi D/R raw prices.,https://en.wikipedia.org/wiki/2026_United_States_House_of_Representatives_elections,https://www.270towin.com/2026-house-election/cook-political-report-2026-house-ratings,https://cawp.rutgers.edu/facts/elections-and-appointments/women-candidates-2026,0
2026-09-27,House,TX-14,Texas,Completed,Thurman Bartie,0,Man — inferred (not on CAWP women roster),Randy Weber,0,Man — inferred (not on CAWP women roster),Solid R,0.042021,0.957979,0.000000,Win probabilities normalized from Kalshi D/R raw prices. Win probabilities normalized from Kalshi D/R raw prices.,https://en.wikipedia.org/wiki/2026_United_States_House_of_Representatives_elections,https://www.270towin.com/2026-house-election/cook-political-report-2026-house-ratings,https://cawp.rutgers.edu/facts/elections-and-appointments/women-candidates-2026,0
2026-08-22,House,TX-15,Texas,Completed,Bobby Pulido,0,Man — inferred (not on CAWP women roster),Monica De La Cruz,1,Woman — Rutgers CAWP roster,Lean R,0.524752,0.475248,0.475248,Win probabilities normalized from Kalshi D/R raw prices. Win probabilities normalized from Kalshi D/R raw prices.,https://en.wikipedia.org/wiki/2026_United_States_House_of_Representatives_elections,https://www.270towin.com/2026-house-election/cook-political-report-2026-house-ratings,https://cawp.rutgers.edu/facts/elections-and-appointments/women-candidates-2026,0
2026-09-27,House,TX-16,Texas,Completed,Veronica Escobar,1,Woman — Rutgers CAWP roster,Adam Bauman,0,Man — inferred (not on CAWP women roster),Solid D,0.978283,0.021717,0.978283,Win probabilities normalized from Kalshi D/R raw prices. Win probabilities normalized from Kalshi D/R raw prices.,https://en.wikipedia.org/wiki/2026_United_States_House_of_Representatives_elections,https://www.270towin.com/2026-house-election/cook-political-report-2026-house-ratings,https://cawp.rutgers.edu/facts/elections-and-appointments/women-candidates-2026,0
2026-09-27,House,TX-17,Texas,Completed,Casey Shepard,0,Man — inferred (not on CAWP women roster),Pete Sessions,0,Man — inferred (not on CAWP women roster),Solid R,0.065929,0.934071,0.000000,Win probabilities normalized from Kalshi D/R raw prices. Win probabilities normalized from Kalshi D/R raw prices.,https://en.wikipedia.org/wiki/2026_United_States_House_of_Representatives_elections,https://www.270towin.com/2026-house-election/cook-political-report-2026-house-ratings,https://cawp.rutgers.edu/facts/elections-and-appointments/women-candidates-2026,0
2026-09-27,House,TX-18,Texas,Completed,Christian Menefee,0,Man — inferred (not on CAWP women roster),Ronald Whitfield,0,Man — inferred (not on CAWP women roster),Solid D,0.964161,0.035839,0.000000,Win probabilities normalized from Kalshi D/R raw prices. Win probabilities normalized from Kalshi D/R raw prices.,https://en.wikipedia.org/wiki/2026_United_States_House_of_Representatives_elections,https://www.270towin.com/2026-house-election/cook-political-report-2026-house-ratings,https://cawp.rutgers.edu/facts/elections-and-appointments/women-candidates-2026,0
2026-09-27,House,TX-19,Texas,Completed,Kyle Rable,0,Man — inferred (not on CAWP women roster),Tom Sell,0,Man — inferred (not on CAWP women roster),Solid R,0.011687,0.988313,0.000000,Win probabilities normalized from Kalshi D/R raw prices. Win probabilities normalized from Kalshi D/R raw prices.,https://en.wikipedia.org/wiki/2026_United_States_House_of_Representatives_elections,https://www.270towin.com/2026-house-election/cook-political-report-2026-house-ratings,https://cawp.rutgers.edu/facts/elections-and-appointments/women-candidates-2026,0
2026-09-27,House,TX-20,Texas,Completed,Joaquin Castro,0,Man — inferred (not on CAWP women roster),Edgardo Rafael Baez,0,Man — inferred (not on CAWP women roster),Solid D,0.966196,0.033804,0.000000,Win probabilities normalized from Kalshi D/R raw prices. Win probabilities normalized from Kalshi D/R raw prices.,https://en.wikipedia.org/wiki/2026_United_States_House_of_Representatives_elections,https://www.270towin.com/2026-house-election/cook-political-report-2026-house-ratings,https://cawp.rutgers.edu/facts/elections-and-appointments/women-candidates-2026,0
2026-09-27,House,TX-21,Texas,Completed,Kristin Hook,1,Woman — Rutgers CAWP roster,Mark Teixeira,0,Man — inferred (not on CAWP women roster),Solid R,0.058233,0.941767,0.058233,Win probabilities normalized from Kalshi D/R raw prices. Win probabilities normalized from Kalshi D/R raw prices.,https://en.wikipedia.org/wiki/2026_United_States_House_of_Representatives_elections,https://www.270towin.com/2026-house-election/cook-political-report-2026-house-ratings,https://cawp.rutgers.edu/facts/elections-and-appointments/women-candidates-2026,0
2026-09-27,House,TX-22,Texas,Completed,Marquette Greene-Scott,1,Woman — Rutgers CAWP roster,Trever Nehls,0,Man — inferred (not on CAWP women roster),Solid R,0.077993,0.922007,0.077993,Win probabilities normalized from Kalshi D/R raw prices. Win probabilities normalized from Kalshi D/R raw prices.,https://en.wikipedia.org/wiki/2026_United_States_House_of_Representatives_elections,https://www.270towin.com/2026-house-election/cook-political-report-2026-house-ratings,https://cawp.rutgers.edu/facts/elections-and-appointments/women-candidates-2026,0
2026-09-27,House,TX-23,Texas,Completed,Katy Padilla Stout,1,Woman — Rutgers CAWP roster,Brandon Herrera,0,Man — inferred (not on CAWP women roster),Likely R,0.383495,0.616505,0.383495,Win probabilities normalized from Kalshi D/R raw prices. Win probabilities normalized from Kalshi D/R raw prices.,https://en.wikipedia.org/wiki/2026_United_States_House_of_Representatives_elections,https://www.270towin.com/2026-house-election/cook-political-report-2026-house-ratings,https://cawp.rutgers.edu/facts/elections-and-appointments/women-candidates-2026,0
2026-09-27,House,TX-24,Texas,Completed,Kevin Burge,0,Man — inferred (not on CAWP women roster),Beth Van Duyne,1,Woman — Rutgers CAWP roster,Solid R,0.088323,0.911677,0.911677,Win probabilities normalized from Kalshi D/R raw prices. Win probabilities normalized from Kalshi D/R raw prices.,https://en.wikipedia.org/wiki/2026_United_States_House_of_Representatives_elections,https://www.270towin.com/2026-house-election/cook-political-report-2026-house-ratings,https://cawp.rutgers.edu/facts/elections-and-appointments/women-candidates-2026,0
2026-09-27,House,TX-25,Texas,Completed,Dione Sims,1,Woman — Rutgers CAWP roster,Roger Williams,0,Man — inferred (not on CAWP women roster),Solid R,0.040683,0.959317,0.040683,Win probabilities normalized from Kalshi D/R raw prices. Win probabilities normalized from Kalshi D/R raw prices.,https://en.wikipedia.org/wiki/2026_United_States_House_of_Representatives_elections,https://www.270towin.com/2026-house-election/cook-political-report-2026-house-ratings,https://cawp.rutgers.edu/facts/elections-and-appointments/women-candidates-2026,0
2026-09-27,House,TX-26,Texas,Completed,Steven Shook,0,Man — inferred (not on CAWP women roster),Brandon Gill,0,Man — inferred (not on CAWP women roster),Solid R,0.033915,0.966085,0.000000,Win probabilities normalized from Kalshi D/R raw prices. Win probabilities normalized from Kalshi D/R raw prices.,https://en.wikipedia.org/wiki/2026_United_States_House_of_Representatives_elections,https://www.270towin.com/2026-house-election/cook-political-report-2026-house-ratings,https://cawp.rutgers.edu/facts/elections-and-appointments/women-candidates-2026,0
2026-09-27,House,TX-27,Texas,Completed,Tanya Lloyd,1,Woman — Rutgers CAWP roster,Michael Cloud,0,Man — inferred (not on CAWP women roster),Solid R,0.063500,0.936500,0.063500,Win probabilities normalized from Kalshi D/R raw prices. Win probabilities normalized from Kalshi D/R raw prices.,https://en.wikipedia.org/wiki/2026_United_States_House_of_Representatives_elections,https://www.270towin.com/2026-house-election/cook-political-report-2026-house-ratings,https://cawp.rutgers.edu/facts/elections-and-appointments/women-candidates-2026,0
2026-08-22,House,TX-28,Texas,Completed,Henry Cuellar,0,Man — inferred (not on CAWP women roster),Tano Tijerina,0,Man — inferred (not on CAWP women roster),Lean D,0.815000,0.185000,0.000000,Win probabilities normalized from Kalshi D/R raw prices. Win probabilities normalized from Kalshi D/R raw prices.,https://en.wikipedia.org/wiki/2026_United_States_House_of_Representatives_elections,https://www.270towin.com/2026-house-election/cook-political-report-2026-house-ratings,https://cawp.rutgers.edu/facts/elections-and-appointments/women-candidates-2026,0
2026-09-27,House,TX-29,Texas,Completed,Sylvia Garcia,1,Woman — Rutgers CAWP roster,Martha Fierro,1,Woman — Rutgers CAWP roster,Solid D,0.974949,0.025051,1.000000,Win probabilities normalized from Kalshi D/R raw prices. Win probabilities normalized from Kalshi D/R raw prices.,https://en.wikipedia.org/wiki/2026_United_States_House_of_Representatives_elections,https://www.270towin.com/2026-house-election/cook-political-report-2026-house-ratings,https://cawp.rutgers.edu/facts/elections-and-appointments/women-candidates-2026,0
2026-09-27,House,TX-30,Texas,Completed,Frederick Haynes III,0,Man — inferred (not on CAWP women roster),Everett Jackson,0,Man — inferred (not on CAWP women roster),Solid D,0.968829,0.031171,0.000000,Win probabilities normalized from Kalshi D/R raw prices. Win probabilities normalized from Kalshi D/R raw prices.,https://en.wikipedia.org/wiki/2026_United_States_House_of_Representatives_elections,https://www.270towin.com/2026-house-election/cook-political-report-2026-house-ratings,https://cawp.rutgers.edu/facts/elections-and-appointments/women-candidates-2026,0
2026-09-27,House,TX-31,Texas,Completed,Justin Early,0,Man — inferred (not on CAWP women roster),John Carter,0,Man — inferred (not on CAWP women roster),Solid R,0.066834,0.933166,0.000000,Win probabilities normalized from Kalshi D/R raw prices. Win probabilities normalized from Kalshi D/R raw prices.,https://en.wikipedia.org/wiki/2026_United_States_House_of_Representatives_elections,https://www.270towin.com/2026-house-election/cook-political-report-2026-house-ratings,https://cawp.rutgers.edu/facts/elections-and-appointments/women-candidates-2026,0
2026-08-20,House,TX-32,Texas,Completed,Dan Barrios,0,Man — inferred (not on CAWP women roster),Jace Yarbrough,0,Man — inferred (not on CAWP women roster),Solid R,0,1,0,,https://en.wikipedia.org/wiki/2026_United_States_House_of_Representatives_elections,https://www.270towin.com/2026-house-election/cook-political-report-2026-house-ratings,https://cawp.rutgers.edu/facts/elections-and-appointments/women-candidates-2026,0
2026-09-27,House,TX-33,Texas,Completed,Colin Allred,0,Man — inferred (not on CAWP women roster),Patrick Gillespie,0,Man — inferred (not on CAWP women roster),Solid D,0.972292,0.027708,0.000000,Win probabilities normalized from Kalshi D/R raw prices. Win probabilities normalized from Kalshi D/R raw prices.,https://en.wikipedia.org/wiki/2026_United_States_House_of_Representatives_elections,https://www.270towin.com/2026-house-election/cook-political-report-2026-house-ratings,https://cawp.rutgers.edu/facts/elections-and-appointments/women-candidates-2026,0
2026-08-22,House,TX-34,Texas,Completed,Vicente Gonzalez,0,Man — inferred (not on CAWP women roster),Eric Flores,0,Man — inferred (not on CAWP women roster),Toss-up,0.751269,0.248731,0.000000,Win probabilities normalized from Kalshi D/R raw prices. Win probabilities normalized from Kalshi D/R raw prices.,https://en.wikipedia.org/wiki/2026_United_States_House_of_Representatives_elections,https://www.270towin.com/2026-house-election/cook-political-report-2026-house-ratings,https://cawp.rutgers.edu/facts/elections-and-appointments/women-candidates-2026,0
2026-08-20,House,TX-35,Texas,Completed,Johnny Garcia,0,Man — inferred (not on CAWP women roster),Carlos De La Cruz,0,Man — inferred (not on CAWP women roster),Likely R,0.01,0.99,0,,https://en.wikipedia.org/wiki/2026_United_States_House_of_Representatives_elections,https://www.270towin.com/2026-house-election/cook-political-report-2026-house-ratings,https://cawp.rutgers.edu/facts/elections-and-appointments/women-candidates-2026,0
2026-09-27,House,TX-36,Texas,Completed,Rhonda Hart,1,Woman — Rutgers CAWP roster,Brian Babin,0,Man — inferred (not on CAWP women roster),Solid R,0.050378,0.949622,0.050378,Win probabilities normalized from Kalshi D/R raw prices. Win probabilities normalized from Kalshi D/R raw prices.,https://en.wikipedia.org/wiki/2026_United_States_House_of_Representatives_elections,https://www.270towin.com/2026-house-election/cook-political-report-2026-house-ratings,https://cawp.rutgers.edu/facts/elections-and-appointments/women-candidates-2026,0
2026-09-27,House,TX-37,Texas,Completed,Greg Casar,0,Man — inferred (not on CAWP women roster),Lauren Peña,1,Woman — Rutgers CAWP roster,Solid D,0.955868,0.044132,0.044132,Win probabilities normalized from Kalshi D/R raw prices. Win probabilities normalized from Kalshi D/R raw prices.,https://en.wikipedia.org/wiki/2026_United_States_House_of_Representatives_elections,https://www.270towin.com/2026-house-election/cook-political-report-2026-house-ratings,https://cawp.rutgers.edu/facts/elections-and-appointments/women-candidates-2026,0
2026-09-27,House,TX-38,Texas,Completed,Melissa McDonough,1,Woman — Rutgers CAWP roster,Jon Bonck,0,Man — inferred (not on CAWP women roster),Solid R,0.073195,0.926805,0.073195,Win probabilities normalized from Kalshi D/R raw prices. Win probabilities normalized from Kalshi D/R raw prices.,https://en.wikipedia.org/wiki/2026_United_States_House_of_Representatives_elections,https://www.270towin.com/2026-house-election/cook-political-report-2026-house-ratings,https://cawp.rutgers.edu/facts/elections-and-appointments/women-candidates-2026,0
2026-08-20,House,UT-1,Utah,Completed,Ben McAdams,0,Man — inferred (not on CAWP women roster),Riley Owen,0,Man — inferred (not on CAWP women roster),Solid D,1,0,0,,https://en.wikipedia.org/wiki/2026_United_States_House_of_Representatives_elections,https://www.270towin.com/2026-house-election/cook-political-report-2026-house-ratings,https://cawp.rutgers.edu/facts/elections-and-appointments/women-candidates-2026,0
2026-08-20,House,UT-2,Utah,Completed,Peter Crosby,0,Man — inferred (not on CAWP women roster),Blake Moore,0,Man — inferred (not on CAWP women roster),Solid R,0,1,0,,https://en.wikipedia.org/wiki/2026_United_States_House_of_Representatives_elections,https://www.270towin.com/2026-house-election/cook-political-report-2026-house-ratings,https://cawp.rutgers.edu/facts/elections-and-appointments/women-candidates-2026,0
2026-08-20,House,UT-3,Utah,Completed,Kent Udell,0,Man — inferred (not on CAWP women roster),Celeste Maloy,1,Woman — Rutgers CAWP roster,Solid R,0,1,1,,https://en.wikipedia.org/wiki/2026_United_States_House_of_Representatives_elections,https://www.270towin.com/2026-house-election/cook-political-report-2026-house-ratings,https://cawp.rutgers.edu/facts/elections-and-appointments/women-candidates-2026,0
2026-09-27,House,UT-4,Utah,Completed,Jonny Larsen,0,Man — inferred (not on CAWP women roster),Mike Kennedy,0,Man — inferred (not on CAWP women roster),Solid R,0.034553,0.965447,0.000000,Win probabilities normalized from Kalshi D/R raw prices. Win probabilities normalized from Kalshi D/R raw prices.,https://en.wikipedia.org/wiki/2026_United_States_House_of_Representatives_elections,https://www.270towin.com/2026-house-election/cook-political-report-2026-house-ratings,https://cawp.rutgers.edu/facts/elections-and-appointments/women-candidates-2026,0
2026-09-27,House,VT-AL,Vermont,Completed,Becca Balint,1,Woman — Rutgers CAWP roster,Gerald Malloy,0,Man — inferred (not on CAWP women roster),Solid D,0.978272,0.021728,0.978272,Win probabilities normalized from Kalshi D/R raw prices. Win probabilities normalized from Kalshi D/R raw prices.,https://www.vermontpublic.org/local-news/2026-08-11/gerald-malloy-wins-gop-u-s-house-primary-will-face-becca-balint-in-the-fall,https://www.270towin.com/2026-house-election/cook-political-report-2026-house-ratings,https://cawp.rutgers.edu/facts/elections-and-appointments/women-candidates-2026,0
2026-08-22,House,VA-1,Virginia,Completed,Shannon Taylor,1,Woman — Rutgers CAWP roster,Rob Wittman,0,Man — inferred (not on CAWP women roster),Lean R,0.495000,0.505000,0.495000,Win probabilities normalized from Kalshi D/R raw prices. Win probabilities normalized from Kalshi D/R raw prices.,https://en.wikipedia.org/wiki/2026_United_States_House_of_Representatives_elections,https://www.270towin.com/2026-house-election/cook-political-report-2026-house-ratings,https://cawp.rutgers.edu/facts/elections-and-appointments/women-candidates-2026,0
2026-08-22,House,VA-2,Virginia,Completed,Elaine Luria,1,Woman — Rutgers CAWP roster,Jen Kiggans,1,Woman — Rutgers CAWP roster,Toss-up,0.800995,0.199005,1.000000,Win probabilities normalized from Kalshi D/R raw prices. Win probabilities normalized from Kalshi D/R raw prices.,https://en.wikipedia.org/wiki/2026_United_States_House_of_Representatives_elections,https://www.270towin.com/2026-house-election/cook-political-report-2026-house-ratings,https://cawp.rutgers.edu/facts/elections-and-appointments/women-candidates-2026,0
2026-09-27,House,VA-3,Virginia,Completed,Bobby Scott,0,Man — inferred (not on CAWP women roster),Edwin Rivera,0,Man — inferred (not on CAWP women roster),Solid D,0.964930,0.035070,0.000000,Win probabilities normalized from Kalshi D/R raw prices. Win probabilities normalized from Kalshi D/R raw prices.,https://en.wikipedia.org/wiki/2026_United_States_House_of_Representatives_elections,https://www.270towin.com/2026-house-election/cook-political-report-2026-house-ratings,https://cawp.rutgers.edu/facts/elections-and-appointments/women-candidates-2026,0
2026-09-27,House,VA-4,Virginia,Completed,Jennifer McClellan,1,Woman — Rutgers CAWP roster,Robert Murray,0,Man — inferred (not on CAWP women roster),Solid D,0.965949,0.034051,0.965949,Win probabilities normalized from Kalshi D/R raw prices. Win probabilities normalized from Kalshi D/R raw prices.,https://en.wikipedia.org/wiki/2026_United_States_House_of_Representatives_elections,https://www.270towin.com/2026-house-election/cook-political-report-2026-house-ratings,https://cawp.rutgers.edu/facts/elections-and-appointments/women-candidates-2026,0
2026-09-27,House,VA-5,Virginia,Completed,Tom Perriello,0,Man — inferred (not on CAWP women roster),John McGuire,0,Man — inferred (not on CAWP women roster),Solid R,0.205000,0.795000,0.000000,Win probabilities normalized from Kalshi D/R raw prices. Win probabilities normalized from Kalshi D/R raw prices.,https://en.wikipedia.org/wiki/2026_United_States_House_of_Representatives_elections,https://www.270towin.com/2026-house-election/cook-political-report-2026-house-ratings,https://cawp.rutgers.edu/facts/elections-and-appointments/women-candidates-2026,0
2026-09-27,House,VA-6,Virginia,Completed,Beth Macy,1,Woman — Rutgers CAWP roster,Ben Cline,0,Man — inferred (not on CAWP women roster),Solid R,0.090045,0.909955,0.090045,Win probabilities normalized from Kalshi D/R raw prices. Win probabilities normalized from Kalshi D/R raw prices.,https://en.wikipedia.org/wiki/2026_United_States_House_of_Representatives_elections,https://www.270towin.com/2026-house-election/cook-political-report-2026-house-ratings,https://cawp.rutgers.edu/facts/elections-and-appointments/women-candidates-2026,0
2026-08-22,House,VA-7,Virginia,Completed,Eugene Vindman,0,Man — inferred (not on CAWP women roster),Doug Ollivant,0,Man — inferred (not on CAWP women roster),Likely D,0.925224,0.074776,0.000000,Win probabilities normalized from Kalshi D/R raw prices. Win probabilities normalized from Kalshi D/R raw prices.,https://en.wikipedia.org/wiki/2026_United_States_House_of_Representatives_elections,https://www.270towin.com/2026-house-election/cook-political-report-2026-house-ratings,https://cawp.rutgers.edu/facts/elections-and-appointments/women-candidates-2026,0
2026-09-27,House,VA-8,Virginia,Completed,Don Beyer,0,Man — inferred (not on CAWP women roster),Tony Sabio,0,Man — inferred (not on CAWP women roster),Solid D,0.970663,0.029337,0.000000,Win probabilities normalized from Kalshi D/R raw prices. Win probabilities normalized from Kalshi D/R raw prices.,https://en.wikipedia.org/wiki/2026_United_States_House_of_Representatives_elections,https://www.270towin.com/2026-house-election/cook-political-report-2026-house-ratings,https://cawp.rutgers.edu/facts/elections-and-appointments/women-candidates-2026,0
2026-09-27,House,VA-9,Virginia,Completed,Joy Powers,1,Woman — Rutgers CAWP roster,Morgan Griffith,0,Man — inferred (not on CAWP women roster),Solid R,0.054000,0.946000,0.054000,Win probabilities normalized from Kalshi D/R raw prices. Win probabilities normalized from Kalshi D/R raw prices.,https://en.wikipedia.org/wiki/2026_United_States_House_of_Representatives_elections,https://www.270towin.com/2026-house-election/cook-political-report-2026-house-ratings,https://cawp.rutgers.edu/facts/elections-and-appointments/women-candidates-2026,0
2026-08-20,House,VA-10,Virginia,Completed,Suhas Subramanyam,0,Man — inferred (not on CAWP women roster),Dave Beckwith,0,Man — inferred (not on CAWP women roster),Solid D,1,0,0,,https://en.wikipedia.org/wiki/2026_United_States_House_of_Representatives_elections,https://www.270towin.com/2026-house-election/cook-political-report-2026-house-ratings,https://cawp.rutgers.edu/facts/elections-and-appointments/women-candidates-2026,0
2026-09-27,House,VA-11,Virginia,Completed,James Walkinshaw,0,Man — inferred (not on CAWP women roster),Arthur Purves,0,Man — inferred (not on CAWP women roster),Solid D,0.988706,0.011294,0.000000,Win probabilities normalized from Kalshi D/R raw prices. Win probabilities normalized from Kalshi D/R raw prices.,https://en.wikipedia.org/wiki/2026_United_States_House_of_Representatives_elections,https://www.270towin.com/2026-house-election/cook-political-report-2026-house-ratings,https://cawp.rutgers.edu/facts/elections-and-appointments/women-candidates-2026,0
2026-09-27,House,WA-1,Washington,Completed,Suzan DelBene,1,Woman — Rutgers CAWP roster,Mary Silva,1,Woman — Rutgers CAWP roster,Solid D,0.981405,0.018595,1.000000,Win probabilities normalized from Kalshi D/R raw prices. Win probabilities normalized from Kalshi D/R raw prices.,https://en.wikipedia.org/wiki/2026_United_States_House_of_Representatives_elections,https://www.270towin.com/2026-house-election/cook-political-report-2026-house-ratings,https://cawp.rutgers.edu/facts/elections-and-appointments/women-candidates-2026,0
2026-09-27,House,WA-2,Washington,Completed,Rick Larsen,0,Man — inferred (not on CAWP women roster),Edwin Feller,0,Man — inferred (not on CAWP women roster),Solid D,0.973469,0.026531,0.000000,Win probabilities normalized from Kalshi D/R raw prices. Win probabilities normalized from Kalshi D/R raw prices.,https://en.wikipedia.org/wiki/2026_United_States_House_of_Representatives_elections,https://www.270towin.com/2026-house-election/cook-political-report-2026-house-ratings,https://cawp.rutgers.edu/facts/elections-and-appointments/women-candidates-2026,0
2026-08-22,House,WA-3,Washington,Completed,Marie Gluesenkamp Perez,1,Woman — Rutgers CAWP roster,John Braun,0,Man — inferred (not on CAWP women roster),Toss-up,0.884538,0.115462,0.884538,Win probabilities normalized from Kalshi D/R raw prices. Win probabilities normalized from Kalshi D/R raw prices.,https://en.wikipedia.org/wiki/2026_United_States_House_of_Representatives_elections,https://www.270towin.com/2026-house-election/cook-political-report-2026-house-ratings,https://cawp.rutgers.edu/facts/elections-and-appointments/women-candidates-2026,0
2026-09-27,House,WA-4,Washington,Completed,John Duresky,0,Man — inferred (not on CAWP women roster),Amanda McKinney,1,Woman — Rutgers CAWP roster,Solid R,0.059031,0.940969,0.940969,Win probabilities normalized from Kalshi D/R raw prices. Win probabilities normalized from Kalshi D/R raw prices.,https://en.wikipedia.org/wiki/2026_United_States_House_of_Representatives_elections,https://www.270towin.com/2026-house-election/cook-political-report-2026-house-ratings,https://cawp.rutgers.edu/facts/elections-and-appointments/women-candidates-2026,0
2026-09-27,House,WA-5,Washington,Completed,Carmela Conroy,1,Woman — Rutgers CAWP roster,Michael Baumgartner,0,Man — inferred (not on CAWP women roster),Solid R,0.175000,0.825000,0.175000,Win probabilities normalized from Kalshi D/R raw prices. Win probabilities normalized from Kalshi D/R raw prices.,https://en.wikipedia.org/wiki/2026_United_States_House_of_Representatives_elections,https://www.270towin.com/2026-house-election/cook-political-report-2026-house-ratings,https://cawp.rutgers.edu/facts/elections-and-appointments/women-candidates-2026,0
2026-09-27,House,WA-6,Washington,Completed,Emily Randall,1,Woman — Rutgers CAWP roster,Teresa Fox,1,Woman — Rutgers CAWP roster,Solid D,0.947689,0.052311,1.000000,Win probabilities normalized from Kalshi D/R raw prices. Win probabilities normalized from Kalshi D/R raw prices.,https://en.wikipedia.org/wiki/2026_United_States_House_of_Representatives_elections,https://www.270towin.com/2026-house-election/cook-political-report-2026-house-ratings,https://cawp.rutgers.edu/facts/elections-and-appointments/women-candidates-2026,0
2026-09-27,House,WA-7,Washington,Completed,Pramila Jayapal,1,Woman — Rutgers CAWP roster,Nirav Sheth,0,Man — inferred (not on CAWP women roster),Solid D,0.989389,0.010611,0.989389,Win probabilities normalized from Kalshi D/R raw prices. Win probabilities normalized from Kalshi D/R raw prices.,https://en.wikipedia.org/wiki/2026_United_States_House_of_Representatives_elections,https://www.270towin.com/2026-house-election/cook-political-report-2026-house-ratings,https://cawp.rutgers.edu/facts/elections-and-appointments/women-candidates-2026,0
2026-08-20,House,WA-8,Washington,Completed,Kim Schrier,1,Woman — verified candidate,Spencer Meline,0,Man — verified candidate,Solid D,1,0,1.000000,Primary resolved; nominees updated from official results.,https://www.sos.wa.gov/elections/results,https://www.270towin.com/2026-house-election/cook-political-report-2026-house-ratings,https://cawp.rutgers.edu/facts/elections-and-appointments/women-candidates-2026,0
2026-09-27,House,WA-9,Washington,Completed,Adam Smith,0,Man — inferred (not on CAWP women roster),Doug Basler,0,Man — inferred (not on CAWP women roster),Solid D,0.983316,0.016684,0.000000,Win probabilities normalized from Kalshi D/R raw prices. Win probabilities normalized from Kalshi D/R raw prices.,https://en.wikipedia.org/wiki/2026_United_States_House_of_Representatives_elections,https://www.270towin.com/2026-house-election/cook-political-report-2026-house-ratings,https://cawp.rutgers.edu/facts/elections-and-appointments/women-candidates-2026,0
2026-09-27,House,WA-10,Washington,Completed,Marilyn Strickland,1,Woman — Rutgers CAWP roster,Chris Chung,0,Man — inferred (not on CAWP women roster),Solid D,0.957669,0.042331,0.957669,Win probabilities normalized from Kalshi D/R raw prices. Win probabilities normalized from Kalshi D/R raw prices.,https://en.wikipedia.org/wiki/2026_United_States_House_of_Representatives_elections,https://www.270towin.com/2026-house-election/cook-political-report-2026-house-ratings,https://cawp.rutgers.edu/facts/elections-and-appointments/women-candidates-2026,0
2026-09-27,House,WV-1,West Virginia,Completed,Vince George,0,Man — inferred (not on CAWP women roster),Carol Miller,1,Woman — Rutgers CAWP roster,Solid R,0.023488,0.976512,0.976512,Win probabilities normalized from Kalshi D/R raw prices. Win probabilities normalized from Kalshi D/R raw prices.,https://en.wikipedia.org/wiki/2026_United_States_House_of_Representatives_elections,https://www.270towin.com/2026-house-election/cook-political-report-2026-house-ratings,https://cawp.rutgers.edu/facts/elections-and-appointments/women-candidates-2026,0
2026-09-27,House,WV-2,West Virginia,Completed,Ace Parsi,0,Man — inferred (not on CAWP women roster),Riley Moore,0,Man — inferred (not on CAWP women roster),Solid R,0.040359,0.959641,0.000000,Win probabilities normalized from Kalshi D/R raw prices. Win probabilities normalized from Kalshi D/R raw prices.,https://en.wikipedia.org/wiki/2026_United_States_House_of_Representatives_elections,https://www.270towin.com/2026-house-election/cook-political-report-2026-house-ratings,https://cawp.rutgers.edu/facts/elections-and-appointments/women-candidates-2026,0
2026-08-22,House,WI-1,Wisconsin,Completed,Mitchell Berman,0,Man — inferred (not on CAWP women roster),Bryan Steil,0,Man — inferred (not on CAWP women roster),Likely R,0.311558,0.688442,0.000000,Win probabilities normalized from Kalshi D/R raw prices. Win probabilities normalized from Kalshi D/R raw prices.,https://ballotpedia.org/United_States_House_of_Representatives_elections_in_Wisconsin%2C_2026,https://www.270towin.com/2026-house-election/cook-political-report-2026-house-ratings,https://cawp.rutgers.edu/facts/elections-and-appointments/women-candidates-2026,0
2026-09-27,House,WI-2,Wisconsin,Completed,Mark Pocan,0,Man — inferred (not on CAWP women roster),None/Minor,0,No Republican filer; minor-party or no opponent,Solid D,0.976861,0.023139,0.000000,No Republican candidate filed; treated unknown. Win probabilities normalized from Kalshi D/R raw prices. Win probabilities normalized from Kalshi D/R raw prices.,https://ballotpedia.org/United_States_House_of_Representatives_elections_in_Wisconsin%2C_2026,https://www.270towin.com/2026-house-election/cook-political-report-2026-house-ratings,https://cawp.rutgers.edu/facts/elections-and-appointments/women-candidates-2026,0
2026-08-22,House,WI-3,Wisconsin,Completed,Rebecca Cooke,1,Woman — Rutgers CAWP roster,Derrick Van Orden,0,Man — inferred (not on CAWP women roster),Toss-up,0.698020,0.301980,0.698020,Win probabilities normalized from Kalshi D/R raw prices. Win probabilities normalized from Kalshi D/R raw prices.,https://ballotpedia.org/United_States_House_of_Representatives_elections_in_Wisconsin%2C_2026,https://www.270towin.com/2026-house-election/cook-political-report-2026-house-ratings,https://cawp.rutgers.edu/facts/elections-and-appointments/women-candidates-2026,0
2026-09-27,House,WI-4,Wisconsin,Completed,Gwen Moore,1,Woman — Rutgers CAWP roster,Tim Rogers,0,Man — inferred (not on CAWP women roster),Solid D,0.971628,0.028372,0.971628,Win probabilities normalized from Kalshi D/R raw prices. Win probabilities normalized from Kalshi D/R raw prices.,https://ballotpedia.org/United_States_House_of_Representatives_elections_in_Wisconsin%2C_2026,https://www.270towin.com/2026-house-election/cook-political-report-2026-house-ratings,https://cawp.rutgers.edu/facts/elections-and-appointments/women-candidates-2026,0
2026-09-27,House,WI-5,Wisconsin,Completed,Andrew Beck,0,Man — inferred (not on CAWP women roster),Scott Fitzgerald,0,Man — inferred (not on CAWP women roster),Solid R,0.040424,0.959576,0.000000,Win probabilities normalized from Kalshi D/R raw prices. Win probabilities normalized from Kalshi D/R raw prices.,https://ballotpedia.org/United_States_House_of_Representatives_elections_in_Wisconsin%2C_2026,https://www.270towin.com/2026-house-election/cook-political-report-2026-house-ratings,https://cawp.rutgers.edu/facts/elections-and-appointments/women-candidates-2026,0
2026-09-27,House,WI-6,Wisconsin,Completed,Bradley Smith,0,Man — inferred (not on CAWP women roster),Glenn Grothman,0,Man — inferred (not on CAWP women roster),Solid R,0.061741,0.938259,0.000000,Win probabilities normalized from Kalshi D/R raw prices. Win probabilities normalized from Kalshi D/R raw prices.,https://ballotpedia.org/United_States_House_of_Representatives_elections_in_Wisconsin%2C_2026,https://www.270towin.com/2026-house-election/cook-political-report-2026-house-ratings,https://cawp.rutgers.edu/facts/elections-and-appointments/women-candidates-2026,0
2026-09-27,House,WI-7,Wisconsin,Completed,Fred Clark,0,Man — inferred (not on CAWP women roster),Michael Alfonso,0,Man — inferred (not on CAWP women roster),Solid R,0.049221,0.950779,0.000000,Win probabilities normalized from Kalshi D/R raw prices. Win probabilities normalized from Kalshi D/R raw prices.,https://ballotpedia.org/United_States_House_of_Representatives_elections_in_Wisconsin%2C_2026,https://www.270towin.com/2026-house-election/cook-political-report-2026-house-ratings,https://cawp.rutgers.edu/facts/elections-and-appointments/women-candidates-2026,0
2026-09-27,House,WI-8,Wisconsin,Completed,Rick Crosson,0,Man — inferred (not on CAWP women roster),Tony Wied,0,Man — inferred (not on CAWP women roster),Solid R,0.082870,0.917130,0.000000,Win probabilities normalized from Kalshi D/R raw prices. Win probabilities normalized from Kalshi D/R raw prices.,https://ballotpedia.org/United_States_House_of_Representatives_elections_in_Wisconsin%2C_2026,https://www.270towin.com/2026-house-election/cook-political-report-2026-house-ratings,https://cawp.rutgers.edu/facts/elections-and-appointments/women-candidates-2026,0
2026-09-27,House,WY-AL,Wyoming,Completed,Lisa Kinney,1,Woman — Rutgers CAWP roster,Chuck Gray,0,Man — inferred (not on CAWP women roster),Solid R,0.011128,0.988872,0.011128,Open seat; Kinney and Gray won their party primaries. Win probabilities normalized from Kalshi D/R raw prices. Win probabilities normalized from Kalshi D/R raw prices.,https://wyofile.com/live-results-from-wyomings-2026-primary-elections/,https://www.270towin.com/2026-house-election/cook-political-report-2026-house-ratings,https://cawp.rutgers.edu/facts/elections-and-appointments/women-candidates-2026,0
